plant_id,unit_id,nox_controls
10567,GT1,STM
6635,AP-1,"DLNB,H2O"
540,10,
55042,BE1,SCR
55042,BE2,SCR
568,BHB5,"DLNB,H2O,SCR"
56047,1,"DLNB,H2O,SCR"
56047,2,"DLNB,H2O,SCR"
542,10,H2O
542,11,H2O
542,12,H2O
542,13,H2O
542,14,H2O
544,10,
544,11,H2O
544,12,H2O
544,13,H2O
544,14,H2O
544,15,"H2O,SCR"
544,16,"H2O,SCR"
544,17,"H2O,SCR"
544,18,"H2O,SCR"
561,10,
56798,U1,"DLNB,H2O,SCR"
56798,U2,"DLNB,H2O,SCR"
55149,LRG1,"DLNB,H2O,SCR"
55149,LRG2,"DLNB,H2O,SCR"
55149,LRG3,"DLNB,H2O,SCR"
562,10,
562,12,"H2O,SCR"
562,13,"H2O,SCR"
562,14,"H2O,SCR"
562,15,"H2O,SCR"
562,2,"OFA,SNCR"
562,3,"H2O,SNCR"
562,4,
55126,CT01,"H2O,SCR"
55126,CT02,"H2O,SCR"
546,5,
546,6,
6156,NHB1,
6156,NHHS2,"H2O,SCR"
6156,NHHS3,"H2O,SCR"
6156,NHHS4,"H2O,SCR"
581,TRBINE,
54605,1,"H2O,SCR"
563,11A,
563,11B,
563,12A,
563,12B,
563,13A,
563,13B,
563,14A,
563,14B,
565,10,
557,10,
55517,CT01,"H2O,SCR"
55517,CT02,"H2O,SCR"
55517,CT03,"H2O,SCR"
55517,CT04,"H2O,SCR"
55517,CT05,"H2O,SCR"
55517,CT06,"H2O,SCR"
55517,CT07,"H2O,SCR"
56629,10,"H2O,SCR"
56189,4,H2O
56189,5,H2O
56189,7,H2O
10307,1,STM
10307,2,STM
55211,1,"DLNB,SCR"
55211,2,"DLNB,SCR"
55041,1,SCR
1594,11,"CM,LNB,O"
1594,12,CM
55212,1,"DLNB,SCR"
55212,2,"DLNB,SCR"
1599,1,"CM,LNBO,O,SCR"
1599,2,"CM,LNBO,OFA"
1599,3,"DLNB,H2O,SCR"
1682,9,LNBO
52026,1,"H2O,SCR"
52026,2,"H2O,SCR"
10823,S42,H2O
10823,S43,H2O
55026,1,SCR
59882,J4,"DLNB,H2O,SCR"
59882,J5,"DLNB,H2O,SCR"
55317,11,"DLNB,H2O,SCR"
55317,12,"DLNB,H2O,SCR"
1586,FJ-1,
1586,FJ-2,
1586,FJ-3,
1595,2,
1595,3,LNB
1595,4,"DLNB,SCR"
1595,S6,H2O
880023,K1,CM
880023,K2,LNBO
880023,K3,"CM,O"
880023,K4,CM
10726,1,"SCR,STM"
10726,2,"SCR,STM"
10176,A,H2O
10176,B,H2O
1592,J1T1,
1592,J1T2,
1592,J2T1,
1592,J2T2,
1592,J3T1,
1592,J3T2,
54805,1,"SCR,STM"
55079,1,"H2O,SCR"
1588,81,SCR
1588,82,SCR
1588,93,SCR
1588,94,SCR
50002,1,"SCR,STM"
50002,2,"SCR,STM"
50002,3,"SCR,STM"
1660,3,STM
1660,4,"H2O,NH3,SCR"
1660,5,"H2O,NH3,SCR"
60903,1,"DLNB,SCR"
60903,2,"DLNB,SCR"
6081,1,STM
6081,2,"DLNB,H2O"
6081,3,STM
6081,4,H2O
6081,5,H2O
54586,2,"H2O,SCR"
1678,1,
1678,2,H2O
55031,CT01,SCR
55031,CT02,SCR
55031,CT03,SCR
50243,GEN4,"DLNB,H2O"
55068,1,"DLNB,SCR"
55068,2,"DLNB,SCR"
55100,1,SCR
55294,1,SCR
55294,2,SCR
1507,3,O
1507,4,CM
6137,1,SCR
55170,1,"DLNB,NH3"
55170,2,"DLNB,NH3"
2362,CT1,
6137,2,SCR
2823,B2,"OFA,SNCR"
2364,CT1,
2364,CT2,
8002,1,"H2O,LNC2"
55661,1,"DLNB,H2O,NH3,SCR"
55661,2,"DLNB,H2O,NH3,SCR"
2367,4,"LNBO,SNCR"
2527,6,"LNC1,SCR"
2367,6,"LNBO,SNCR"
2367,CT1,
2369,CT1,
3236,10,"DLNB,SCR,STM"
3236,11,"DLNB,SCR,STM"
3236,9,"DLNB,SCR,STM"
51030,1,"H2O,SCR"
51030,2,"H2O,SCR"
54324,3,"H2O,SCR"
54324,4,"H2O,SCR"
55107,RISEP1,"DLNB,SCR"
55107,RISEP2,"DLNB,SCR"
55048,1,SCR
3734,A,
3734,B,
589,1,O
3754,CT1,
3754,CT2,
51026,1,
56964,GT1,"H2O,NH3,SCR"
56964,GT10,"H2O,NH3,SCR"
56964,GT2,"H2O,NH3,SCR"
56964,GT3,"H2O,NH3,SCR"
56964,GT4,"H2O,NH3,SCR"
56964,GT5,"H2O,NH3,SCR"
56964,GT6,"H2O,NH3,SCR"
56964,GT7,"H2O,NH3,SCR"
56964,GT8,"H2O,NH3,SCR"
56964,GT9,"H2O,NH3,SCR"
2398,1101,"DLNB,H2O"
2398,1201,"DLNB,H2O"
2398,1301,"DLNB,H2O"
2398,1401,"DLNB,H2O"
2398,2101,"DLNB,H2O,SCR"
2398,2201,"DLNB,H2O,SCR"
2399,121,H2O
2399,122,H2O
2399,123,H2O
2399,124,H2O
10751,2001,"SCR,STM"
2379,2001,H2O
2379,3001,H2O
58235,U1,"H2O,SCR"
5083,4001,H2O
5083,5001,"H2O,SCR"
10805,2001,H2O
50799,1001,"SCR,STM"
50799,3001,"SCR,STM"
50561,1,"DLNB,H2O"
50561,2,"DLNB,H2O"
50852,2001,H2O
7138,2001,H2O
7138,3001,"DLNB,H2O"
2393,4,DLNB
2393,5,DLNB
2393,6,DLNB
2393,7,DLNB
2393,9,"DLNB,H2O"
2434,U11,"H2O,SCR"
2404,121,H2O
2404,122,H2O
2404,123,H2O
2404,124,H2O
2404,131,"H2O,SCR"
2404,132,"H2O,SCR"
2404,133,"H2O,SCR"
2404,134,"H2O,SCR"
2404,141,"H2O,SCR"
2404,142,"H2O,SCR"
54640,1001,"H2O,SCR"
54640,2001,"H2O,SCR"
50006,4001,"DLNB,H2O,SCR"
50006,5001,"SCR,STM"
50006,6001,"SCR,STM"
50006,7001,"SCR,STM"
50006,8001,"SCR,STM"
50006,9001,"SCR,STM"
2406,1101,"DLNB,H2O,SCR"
2406,1201,"DLNB,H2O,SCR"
2406,2101,"DLNB,H2O,SCR"
2406,2201,"DLNB,H2O,SCR"
2406,5,"DLNB,H2O"
2406,6,"DLNB,H2O"
2406,7,"DLNB,H2O"
2406,8,"DLNB,H2O"
8008,1001,"H2O,SCR"
58079,U001,SCR
58079,U002,SCR
55938,OPP3,DLNB
55938,OPP4,DLNB
50628,748001,LNB
50628,749001,
50628,751001,LNB
50628,752001,LNB
50628,780001,LNB
55239,1,"DLNB,NH3,SCR"
55239,2,"DLNB,NH3,SCR"
55239,3,"DLNB,NH3,SCR"
2410,2001,
2390,12001,"H2O,SCR"
2390,14001,"H2O,SCR"
2390,15001,"H2O,SCR"
2390,16001,"H2O,SCR"
10308,1001,STM
10308,1002,STM
2411,7,"DLNB,SCR"
7288,1,H2O
56963,E101,"DLNB,SCR"
56963,E102,"DLNB,SCR"
6776,2001,"H2O,SCR"
57839,1,"DLNB,SCR"
57839,2,"DLNB,SCR"
7910,2301,SCR
7910,2302,SCR
2503,BLR114,CM
2503,BLR115,CM
2503,BLR116,CM
2503,BLR117,CM
2503,BLR118,CM
2503,CT0001,
2504,120,
2504,121,
2504,122,
2504,CT0001,
2504,CT0002,
10803,1,"H2O,SCR"
10803,2,"H2O,SCR"
10619,1,"H2O,SCR"
2490,20,
2490,30,
2490,CT0001,
55375,CT1,"DLNB,H2O,SCR"
55375,CT2,"DLNB,H2O,SCR"
55375,CT3,"DLNB,H2O,SCR"
55375,CT4,"DLNB,H2O,SCR"
55243,CT2-1A,
55243,CT2-1B,
55243,CT2-2A,
55243,CT2-2B,
55243,CT2-3A,
55243,CT2-3B,
55243,CT2-4A,
55243,CT2-4B,
55243,CT3-1A,
55243,CT3-1B,
55243,CT3-2A,
55243,CT3-2B,
55243,CT3-3A,
55243,CT3-3B,
55243,CT3-4A,
55243,CT3-4B,
55243,CT4-1A,
55243,CT4-1B,
55243,CT4-2A,
55243,CT4-2B,
55243,CT4-3A,
55243,CT4-3B,
55243,CT4-4A,
55243,CT4-4B,
8906,20,
8906,31RH,
8906,32SH,
8906,51RH,
8906,52SH,
8906,CT0001,
55405,1,"DLNB,H2O,SCR"
55405,2,"DLNB,H2O,SCR"
55405,3,"DLNB,H2O,SCR"
54593,1,STM
55699,1,"H2O,SCR"
55699,2,"H2O,SCR"
10617,1,"SCR,STM"
2539,10001,"DLNB,H2O,SCR"
2539,10002,"DLNB,H2O,SCR"
2539,10003,"DLNB,H2O,SCR"
50292,GT1,STM
50292,GT2,STM
50292,GT3,"H2O,SCR"
50292,GT4,"H2O,SCR"
10464,E0001,
10464,E0002,
10464,E0003,
2625,1,LNC1
2625,2,OFA
7912,BW01,SCR
54914,1,"DLNB,H2O,SCR"
54914,2,"DLNB,H2O,SCR"
56234,1,"DLNB,H2O,NH3,SCR"
50978,A,"H2O,NH3"
50978,B,"H2O,NH3"
10620,1,STM
10190,1,STM
50368,CT1,SCR
50368,CT2,SCR
50472,BLR05,
50472,R1B01,SNCR
50472,R1B02,SNCR
57185,U001,"DLNB,SCR"
57185,U002,"DLNB,SCR"
57185,U003,"DLNB,SCR"
2480,1,
2480,2,
2480,3,LNC2
2480,4,LNC2
2511,10,
2511,20,OFA
2511,U00004,
2511,U00005,
2511,U00006,
2511,U00007,
2511,U00008,
2511,U00009,
2511,U00011,
2511,U00012,H2O
2511,U00013,H2O
2511,U00014,H2O
2511,U00015,H2O
2511,U00016,H2O
2511,U00017,H2O
2511,U00018,H2O
2511,U00019,H2O
2512,UGT001,
2493,1,"NH3,SCR"
2493,2,"NH3,SCR"
2493,60,
2493,70,
55786,CT01,"H2O,SCR"
55786,CT02,"H2O,SCR"
56259,CT-1,"DLNB,H2O,SCR"
56259,CT-2,"DLNB,H2O,SCR"
56032,1,"H2O,SCR"
2679,5,"H2O,SCR"
2679,CT3,
2514,U00020,H2O
2514,U00021,
7869,UGT011,
7869,UGT012,"H2O,SCR"
7869,UGT013,"H2O,SCR"
2494,CT01-1,
2494,CT01-2,
2494,CT01-3,
2494,CT01-4,
2494,CT01-5,
2494,CT01-6,
2494,CT01-7,
2494,CT01-8,
2494,CT02-1,
2494,CT02-2,
2494,CT02-3,
2494,CT02-4,
2494,CT02-5,
2494,CT02-6,
2494,CT02-7,
2494,CT02-8,
2494,CT03-1,
2494,CT03-2,
2494,CT03-3,
2494,CT03-4,
2494,CT03-5,
2494,CT03-6,
2494,CT03-7,
2494,CT03-8,
2494,CT04-1,
2494,CT04-2,
2494,CT04-3,
2494,CT04-4,
2494,CT04-5,
2494,CT04-6,
2494,CT04-7,
2494,CT04-8,
880102,1,SNCR
7914,HR01,SCR
7914,HR02,SCR
55969,U-01,"H2O,SCR"
7913,HG01,SCR
7913,HG02,SCR
2628,1,
8007,U00001,H2O
8007,U00002,H2O
8007,U00003,H2O
8007,U00004,H2O
8007,U00005,H2O
8007,U00006,H2O
8007,U00007,H2O
8007,U00008,H2O
8007,U00009,H2O
8007,U00010,H2O
8007,U00011,H2O
8007,U00012,H2O
8007,U00013,H2O
8007,U00014,H2O
8007,U00015,DLNB
8007,U00016,H2O
8007,U00017,DLNB
8007,U00018,H2O
8007,U00019,H2O
8007,U00020,H2O
2496,CT0003,
2496,CT0004,
2496,CT0005,
50458,1,"DLNB,H2O,SCR"
54076,1,"SCR,STM"
50450,1,STM
50449,1,STM
50451,1,STM
54547,1,"DLNB,SCR"
54547,2,"DLNB,SCR"
54547,3,"DLNB,SCR"
54547,4,"DLNB,SCR"
54114,GT1,"H2O,SCR"
54114,GT2,"H2O,SCR"
54041,11854,STM
54041,11855,STM
54041,11856,STM
54592,1,"SCR,STM"
880024,U28006,
2499,CT01-1,
2499,CT01-2,
2499,CT01-3,
2499,CT01-4,
2499,CT01-5,
2499,CT01-6,
2499,CT01-7,
2499,CT01-8,
2499,CT02-1,
2499,CT02-2,
2499,CT02-3,
2499,CT02-4,
2499,CT02-5,
2499,CT02-6,
2499,CT02-7,
2499,CT02-8,
54149,1,H2O
7915,NO1,SCR
2516,1,"LNC2,OFA"
2516,2,"LNC2,OFA"
2516,3,"LNC2,OFA"
2516,4,"LNC2,OFA"
2516,UGT001,
2594,5,OFA
2594,6,
56188,1,"H2O,SCR"
56196,CTG7A,"DLNB,H2O,SCR"
56196,CTG7B,"DLNB,H2O,SCR"
2517,3,"LNC2,OFA"
2517,4,"LNC2,OFA"
2517,UGT001,
2517,UGT002,"H2O,SCR"
2517,UGT003,"H2O,SCR"
8053,PT01,SCR
10025,4B,
2500,10,OFA
2500,20,OFA
2500,30,
2500,CT0001,
2500,CT0010,
2500,CT0011,
2500,UCC001,"DLNB,NH3"
880100,BLR001,
880100,BLR002,
880100,BLR003,
880100,BLR004,
54034,1GTDBS,"SCR,STM"
7314,1,DLNB
52168,1,LNB
52168,4,"DLNB,SCR"
52168,6,"DLNB,SCR"
52168,0003HP,LNB
52168,HPB02,
8006,1,O
8006,2,O
2682,10,LNB
2682,20,H2O
2682,9,LNB
54574,1,SCR
54574,2,SCR
10725,CTG101,STM
10725,CTG201,"SCR,STM"
10725,CTG301,"SCR,STM"
2632,1,
55787,CT01,"H2O,SCR"
55787,CT02,"H2O,SCR"
50744,1,STM
10621,1,"SCR,STM"
54099,44,LNBO
56940,1,SCR
56940,2,SCR
7909,VB01,SCR
7909,VB02,SCR
7146,UGT007,"H2O,O"
7146,UGT008,"H2O,O"
7146,UGT009,"H2O,O"
7146,UGT013,
7146,UGT014,
2521,UGT001,
54131,NTCT1,STM
880102,2,SNCR
594,4,"LNBO,SCR,SNCR"
880105,AG1,
880105,AG2,
880104,COS3,
880104,COS4,
880104,COS5,
880104,COS6,
880103,PS1,
880103,PS2,
880103,PS3,
880103,PS4,
880106,SJ10,
880106,SJ7,
880106,SJ8,
880106,SJ9,
880004,3,
880004,4,
880004,5C,DLNB
591,11,H2O
591,14,H2O
592,10,H2O
52193,21H1,
52193,21H701,
52193,37H1,
52193,42H123,
52193,CATCOB,
52193,COKCOB,
52193,DCPP1,
52193,DCPP2,"CM,LNB,STM"
52193,DCPP3,
52193,DCPP4,
52193,MECCU1,"O,STM"
52193,MECCU2,"O,STM"
593,10,H2O
593,3,SNCR
593,4,LNC2
593,5,LNBO
10030,2,"H2O,SCR"
10030,3,H2O
57349,1,"DLNB,SCR"
7153,**3,"H2O,OFA"
7153,1,"H2O,OFA"
7153,2,"H2O,OFA"
7153,5,"H2O,OFA,SCR"
7153,6,"H2O,OFA,SCR"
7153,7,"H2O,OFA,SCR"
594,10,H2O
10143,AAB01,NH3
7318,**11,H2O
7962,1,"H2O,SCR"
7962,2,"H2O,SCR"
597,10,H2O
3122,1,"LNBO,SCR"
54795,C6,CM
3122,2,"LNBO,SCR"
10773,1,"OFA,SNCR"
54832,1,"H2O,O"
54832,2,"H2O,O"
56846,GT1,"DLNB,SCR"
56846,GT2,"DLNB,SCR"
1571,**GT3,H2O
1571,**GT4,H2O
1571,**GT5,H2O
1571,**GT6,H2O
1571,3,OFA
1571,4,OFA
1571,GT2,
1571,SMECO,H2O
59073,214JA,
59073,214JB,
59073,B921A,
59073,B921B,
59073,GT501A,
59073,GT501B,
1572,GT2,H2O
1572,GT3,H2O
1554,1,
1554,2,"LNB,SNCR"
1554,3,"LNBO,SCR"
1554,4,
60302,11,SCR
60302,12,STM
50282,PR003,SNCR
50282,PR004,"LNC1,SNCR"
50282,PR005,
1573,GT3,
1573,GT4,
1573,GT5,
1573,GT6,
56668,CGTC,"DLNB,H2O"
1556,**51,H2O
1556,1-Jun,"H2O,SCR"
1556,2-Jun,"H2O,SCR"
1556,CT1,
1556,CT3,
1556,CT4,
7835,1,DLNB
7835,2,DLNB
7835,3,DLNB
7835,4,DLNB
1564,8,
59220,CT1,"DLNB,SCR"
59220,CT2,"DLNB,SCR"
880007,52,LNB
880071,31301,DLNB
55347,1,"DLNB,H2O"
55347,2,"DLNB,H2O"
55347,3,"DLNB,H2O"
55347,4,"DLNB,H2O"
880049,32001,
55690,1,"H2O,OFA,SCR"
55690,2,"H2O,OFA,SCR"
55690,3,"H2O,OFA,SCR"
55690,5,"H2O,OFA,SCR"
55690,6,"H2O,OFA,SCR"
55690,7,"H2O,OFA,SCR"
61035,1,"DLNB,SCR"
10773,2,"OFA,SNCR"
10771,1,"OFA,SNCR"
10771,2,"OFA,SNCR"
3096,1A,
3096,2A,"H2O,SCR"
3096,2B,"H2O,SCR"
3096,3,"H2O,SCR"
60589,CT-1,"DLNB,SCR"
60589,CT-2,"DLNB,SCR"
55654,12,H2O
55654,13,H2O
10774,1,"OFA,SNCR"
10774,2,"OFA,SNCR"
663,B2,"OFA,SCR"
8012,11,
8012,12,
8012,21,
8012,22,
8012,31,
8012,32,
8012,41,
8012,42,
54638,40,LNB
54638,41,LNB
880107,AB01,"LNB,O"
880107,AB03,"LNB,O"
880107,AB04,"LNB,O"
667,1A,SNCR
3161,3,O
3161,4,O
880072,31601,DLNB
55298,1A,"DLNB,SCR"
55298,1B,"DLNB,SCR"
55298,2A,"DLNB,SCR"
55298,2B,"DLNB,SCR"
55516,CTG1,"DLNB,SCR"
55516,CTG2,"DLNB,SCR"
55377,8,H2O
55377,9,H2O
667,2A,SNCR
1384,1,LNB
54785,2,"DLNB,SCR"
54785,25,"LNB,O"
58420,CT1,"DLNB,SCR"
58420,CT2,"DLNB,SCR"
58426,CT1,"DLNB,SCR"
58426,CT2,"DLNB,SCR"
55233,EU-1A,H2O
55233,EU-1B,H2O
55233,EU-2A,H2O
55233,EU-2B,H2O
55233,EU-3A,H2O
55233,EU-3B,H2O
55233,EU-4A,H2O
55233,EU-4B,H2O
55233,EU-5A,H2O
55233,EU-5B,H2O
10870,TURB2,H2O
10870,TURB3,H2O
10870,TURB4,H2O
10870,TURBIN,H2O
55337,1,"DLNB,NH3"
55337,2,"DLNB,NH3"
61028,CT1,"DLNB,SCR"
61028,CT2,"DLNB,SCR"
62565,1,"DLNB,SCR"
1384,2,"LNB,SCR"
1379,1,"LNB,SCR"
1379,4,"LNB,SCR"
60368,CT1,"DLNB,SCR"
60368,CT2,"DLNB,SCR"
60368,CT3,"DLNB,SCR"
3176,CT5,"H2O,SCR"
3176,CT6,"H2O,SCR"
56397,4,H2O
55976,CT101,"DLNB,SCR"
55976,CT201,"DLNB,SCR"
55976,CT301,"DLNB,SCR"
7210,COP1,"LNC2,SCR"
3403,1,"LNC2,SCR"
60357,1,"DLNB,SCR"
60357,2,"DLNB,SCR"
60357,3,"DLNB,SCR"
55231,1,"DLNB,SCR"
55231,2,"DLNB,SCR"
55667,CT01,"DLNB,SCR"
55667,CT02,"DLNB,SCR"
55801,1,"DLNB,SCR"
55801,2,"DLNB,SCR"
55801,3,"DLNB,SCR"
3148,3,
3148,4,
52149,39,H2O
52149,40,DLNB
3403,2,"LNC2,SCR"
3403,3,"LNC2,SCR"
3111,31,
3111,32,
59906,201,"DLNB,SCR"
59906,202,"DLNB,SCR"
3403,4,"LNC2,SCR"
3138,3,"LNBO,SNCR"
3138,4,"LNBO,SNCR"
3138,5,"LNBO,SNCR"
10865,FBC1,O
55193,CT1,"DLNB,SCR"
55193,CT2,"DLNB,SCR"
50279,2,H2O
10865,FBC2,O
10865,FBC3,O
10865,FBC4,O
50397,38,LNB
50397,39,LNB
3113,5,"DLNB,H2O"
50463,328001,STM
50463,328002,"H2O,SCR"
10865,FBC5,O
3168,91,
3168,92,
10865,FBC6,O
10865,FBC7,"O,SNCR"
10865,FBC8,"O,SNCR"
10865,FBC9,"O,SNCR"
3131,1,"LNB,SNCR"
3131,2,"LNB,SNCR"
3131,3,"LNC3,SNCR"
3131,4,"LNC3,SNCR"
58933,101,"DLNB,SCR"
58933,102,"DLNB,SCR"
58933,103,"DLNB,SCR"
880050,31801,
55196,1,H2O
55196,2,H2O
55710,3,"DLNB,SCR"
55710,4,"DLNB,SCR"
889,1,"OFA,SCR"
60464,101,"DLNB,SCR"
60464,102,"DLNB,SCR"
3116,31,
3116,32,
880025,34,"LNB,SCR"
880025,35,"LNB,SCR"
880025,53,"LNB,SCR"
50729,CLBLR1,
50729,CLBLR2,
50732,ETBLR1,
50732,ETBLR2,
50732,ETBLR3,
880099,1,
880006,1,
880006,2,
880006,3,
880006,4,
50607,23,
50607,24,
50607,26,LNB
50607,RSB1,LNBO
50607,RSB2,LNBO
3132,5,
55524,1,SCR
55524,2,SCR
55524,3,SCR
55524,5,"DLNB,H2O,SCR"
55524,6,"DLNB,H2O,SCR"
880093,10D,"LNB,O"
880093,10E,LNB
880093,10F,LNB
889,2,"OFA,SCR"
997,12,"OFA,SCR"
56807,1A,"DLNB,H2O,SCR"
56807,1B,"DLNB,H2O,SCR"
58260,1A,"DLNB,SCR"
58260,1B,"DLNB,SCR"
58260,1C,"DLNB,SCR"
55738,1,H2O
55738,2,H2O
52089,BLR010,
52089,BLR011,
52089,BLR012,
52089,BLR013,
52089,BLR014,
3797,**8A,STM
1702,1,SCR
1702,2,"LNBO,SCR"
3797,7,STM
3775,1,"LNB,SNCR"
3775,2,"LNB,SNCR"
1710,3,"LNBO,SCR"
50835,1,
55381,CT-001,H2O
55381,CT-002,H2O
55381,CT-003,H2O
55381,CT-004,H2O
55381,CT-005,H2O
55381,CT-006,H2O
55381,CT-007,H2O
7212,1,H2O
7212,2,H2O
7212,3,H2O
7212,4,H2O
52019,501,"DLNB,SCR,STM"
52019,502,"DLNB,SCR,STM"
52019,601,"DLNB,SCR,STM"
52019,602,"DLNB,SCR,STM"
52019,CT1,"DLNB,H2O"
52019,CT2,DLNB
52019,CT3,DLNB
52087,CT-1,H2O
52087,CT-2,H2O
52087,CT-3,H2O
50479,6,
54844,1,"DLNB,H2O,SCR"
54844,2,"DLNB,H2O,SCR"
7032,3,H2O
7032,4,H2O
7032,5,H2O
7032,6,H2O
59913,1A,"DLNB,SCR"
59913,1B,"DLNB,SCR"
59913,1C,"DLNB,SCR"
10633,1,STM
10633,2,STM
10633,3,STM
50835,2,
1915,1,"OFA,SCR"
7839,1,"DLNB,H2O"
7839,2,"DLNB,H2O"
7839,3,"DLNB,H2O"
7839,4,"DLNB,H2O"
7839,5,"DLNB,H2O"
7837,EU1,"DLNB,H2O"
7837,EU2,"DLNB,H2O"
7837,EU3,"DLNB,H2O"
7837,EU4,"DLNB,H2O"
7837,EU5,"DLNB,H2O"
7836,EU1,"DLNB,H2O"
7836,EU2,"DLNB,H2O"
7836,EU3,"DLNB,H2O"
3804,6A,"DLNB,H2O,SCR"
3804,6B,"DLNB,H2O,SCR"
59004,CT1,"DLNB,SCR"
59004,CT2,"DLNB,SCR"
7838,1,"DLNB,H2O"
7838,2,"DLNB,H2O"
7838,3,"DLNB,H2O"
7838,4,"DLNB,H2O"
6090,3,LNB
2878,1,OFA
8023,1,LNC2
54081,BLR03A,O
54081,BLR03B,O
54081,BLR04A,O
54081,BLR04B,O
3785,TA10,
55439,CTGDB1,"DLNB,H2O,SCR"
55439,CTGDB2,"DLNB,H2O,SCR"
55439,CTGDB3,"DLNB,H2O,SCR"
8023,2,"LNC2,SCR"
4050,5,"LNBO,SCR"
55939,1A,"DLNB,SCR"
55939,1B,"DLNB,SCR"
55939,1C,"DLNB,SCR"
50900,1,LNB
50900,4,OFA
50900,5,
50900,11,LNB
55285,WH01,H2O
55285,WH02,H2O
55285,WH03,H2O
55285,WH04,H2O
55285,WH05,H2O
55285,WH06,H2O
55285,WH07,H2O
55285,WH08,H2O
55285,WH09,H2O
55285,WH10,H2O
3809,3,O
880053,B016,LNB
880053,B017,LNB
50491,1,LNBO
50491,2,LNBO
50491,3,LNBO
55284,GS01,H2O
55284,GS02,H2O
55284,GS03,H2O
55284,GS04,H2O
55284,GS05,H2O
55284,GS06,H2O
55284,GS07,H2O
55284,GS08,H2O
55284,GS09,H2O
55284,GS10,H2O
55284,GS11,H2O
55284,GS12,H2O
55276,1,CM
55276,2,CM
55276,3,CM
55276,4,CM
55276,5,CM
55276,6,CM
10788,612,
4078,4,SCR
6138,1,LNBO
56564,SN-01,"LNBO,SCR"
56456,1,"LNB,SCR"
6190,1-Mar,SNCR
6190,2-Mar,SNCR
165,2,LNBO
56611,S01,SCR
1091,3,"LNBO,SNCR"
7343,4,"LNBO,SNCR"
3935,AUX1,
3935,AUX3,
1047,4,"LNB,NH3,SCR"
6664,101,LNBO
6254,1,"LNC2,SCR"
3948,AUX1,
10743,CFB1,
10743,CFB2,
1082,3,LNBO
1082,4,"LNBO,SCR"
108,SGU1,LNB
6064,N1,"LNBO,SCR"
6264,AUX1,
6264,AUX2,
55349,1,"DLNB,H2O"
55349,2,"DLNB,H2O"
2079,5A,"LNBO,SCR"
6195,2,"LNBO,SCR"
50151,B26,LNB
50151,B27,LNB
3946,1,OFA
3946,2,OFA
56018,1,H2O
56018,2,H2O
880041,X015,SNCR
3,1,"LNC1,SNCR"
3,2,"LNC1,SNCR"
3,4,"LNC2,SNCR"
60,2,SCR
3,6A,"DLNB,SCR"
3,6B,"DLNB,SCR"
3,7A,"DLNB,SCR"
3,7B,"DLNB,SCR"
3,8,"DLNB,SCR"
55409,CT1,"DLNB,H2O"
55409,CT2,"DLNB,H2O"
55409,CT3,"DLNB,H2O"
55409,CT4,"DLNB,H2O"
55440,CTGDB1,"DLNB,H2O,SCR"
55440,CTGDB2,"DLNB,H2O,SCR"
55440,CTGDB3,"DLNB,H2O,SCR"
56,CC1,"DLNB,NH3,SCR"
47,CCT1,
47,CCT10,DLNB
47,CCT11,DLNB
47,CCT2,
47,CCT3,
47,CCT4,
47,CCT5,
47,CCT6,
47,CCT7,
47,CCT8,
47,CCT9,DLNB
55292,CTG-1,"DLNB,SCR"
55292,CTG-2,"DLNB,SCR"
55292,CTG-3,"DLNB,SCR"
7897,1A,"DLNB,SCR"
7897,1B,"DLNB,SCR"
7897,2A,"DLNB,SCR"
7897,2B,"DLNB,SCR"
26,1,LNB
26,2,LNB
26,3,LNB
26,4,LNB
6096,2,SCR
10,1,LNCB
10,2,LNB
10,CT10,H2O
10,CT2,H2O
10,CT3,H2O
10,CT4,H2O
10,CT5,H2O
10,CT6,H2O
10,CT7,H2O
10,CT8,H2O
10,CT9,H2O
55411,CT1,"DLNB,SCR"
55411,CT2,"DLNB,SCR"
55241,COG01,"DLNB,H2O,SCR"
59,1,LNC3
470,2,LNBO
470,3,SCR
6021,C3,"LNBO,SNCR"
7063,**1,
7063,**2,"DLNB,H2O"
7063,**3,"DLNB,H2O"
7063,**4,DLNB
7063,**5,DLNB
533,**4,"DLNB,H2O"
533,**V1,"DLNB,SCR"
533,**V2,"DLNB,SCR"
55293,CT-1,"DLNB,SCR"
55293,CT-2,"DLNB,SCR"
55293,CT-3,"DLNB,SCR"
7710,1A,"DLNB,SCR"
7710,1B,"DLNB,SCR"
7710,2A,"DLNB,SCR"
7710,2B,"DLNB,SCR"
7710,3A,"DLNB,SCR"
7710,3B,"DLNB,SCR"
7698,CC1,DLNB
55271,CT1,"DLNB,H2O,SCR"
55271,CT2,"DLNB,H2O,SCR"
55271,CT3,"DLNB,H2O,SCR"
7721,CC1,"DLNB,SCR"
55138,1A,H2O
55138,1B,H2O
55138,2A,H2O
55138,2B,H2O
7697,CC1,DLNB
8048,1,
8048,2,
688,2A,"DLNB,H2O,SCR"
688,HC3,"H2O,SCR"
688,HC4,"H2O,SCR"
7873,CT1A,"DLNB,SCR"
7873,CT1B,"DLNB,SCR"
7873,CT1C,"DLNB,SCR"
7873,CT2A,"DLNB,SCR"
7873,CT2B,"DLNB,SCR"
7873,CT2C,"DLNB,SCR"
7873,CT2D,"DLNB,SCR"
7873,CT3A,H2O
7873,CT3B,H2O
7873,CT4A,H2O
7873,CT4B,H2O
7873,CT5A,H2O
7873,CT5B,H2O
7873,CT6A,H2O
7873,CT6B,H2O
525,H1,"LNBO,SCR"
525,H2,"LNC3,SCR"
645,BB05,"DLNB,SCR"
645,BB06,"DLNB,SCR"
645,CT4A,H2O
645,CT4B,H2O
7846,1,"DLNB,H2O"
7846,2,"DLNB,H2O,SCR"
7846,3,"DLNB,H2O,SCR"
676,5,SCR
676,MGT2,H2O
7238,**1,"DLNB,H2O"
7238,2,"DLNB,H2O"
7238,3,"DLNB,H2O,SCR"
7238,4,SCR
609,CCCT3A,"DLNB,H2O,SCR"
609,CCCT3B,"DLNB,H2O,SCR"
609,CCCT3C,"DLNB,H2O,SCR"
675,**8,H2O
628,1GTA,SCR
628,1GTB,SCR
628,2GTA,SCR
628,2GTB,SCR
6248,1,"LNBO,SCR"
6761,101,LNC3
8219,1,LNBO
55749,U1,"LNB,SCR"
564,CCB,"DLNB,H2O,SCR"
6046,**10,H2O
6046,**7,H2O
6046,**8,H2O
6046,**9,H2O
663,B1,
6469,B1,LNC3
663,CT3,"DLNB,H2O"
57241,BFB1,SCR
612,FMCT2A,DLNB
612,FMCT2B,DLNB
612,FMCT2C,DLNB
612,FMCT2D,DLNB
612,FMCT2E,DLNB
612,FMCT2F,DLNB
612,PFM3A,"DLNB,H2O"
612,PFM3B,"DLNB,H2O"
612,PFM3C,"DLNB,H2O"
612,PFM3D,"DLNB,H2O"
56799,1,"DLNB,H2O"
56799,2,"DLNB,H2O"
641,4,
641,5,
641,6,
641,7,
641,8A,"DLNB,H2O"
641,8B,"DLNB,H2O"
641,8C,"DLNB,H2O"
641,8D,"DLNB,H2O"
50949,CT2B,"DLNB,H2O"
7302,1A,"DLNB,SCR"
7302,1B,"DLNB,SCR"
7302,2A,"DLNB,H2O,SCR"
7302,2B,"DLNB,H2O,SCR"
7302,3A,"DLNB,H2O,SCR"
7302,3B,"DLNB,H2O,SCR"
7302,4A,"DLNB,H2O,SCR"
7302,4B,"DLNB,H2O,SCR"
683,**C,H2O
683,**D,H2O
8049,**10,H2O
8049,**11,H2O
8049,**12,"DLNB,H2O"
8049,**13,"DLNB,H2O"
8049,**14,"DLNB,H2O"
8049,**7,H2O
8049,**8,H2O
8049,**9,H2O
666,7,"DLNB,H2O"
666,CT8,"DLNB,H2O"
664,CC1,DLNB
643,4,DLNB
643,5,DLNB
613,PFL6A,"DLNB,H2O"
613,PFL6B,"DLNB,H2O"
613,PFL6C,"DLNB,H2O"
613,PFL6D,"DLNB,H2O"
613,PFL6E,"DLNB,H2O"
613,PFL7A,"DLNB,SCR"
613,PFL7B,"DLNB,SCR"
6042,MTCT3A,"DLNB,SCR"
6042,MTCT3B,"DLNB,SCR"
6042,MTCT3C,"DLNB,SCR"
6042,MTCT3D,"DLNB,SCR"
6042,PMT1,LNB
6042,PMT2,LNB
6043,HRSG3A,DLNB
6043,HRSG3B,DLNB
6043,HRSG4A,DLNB
6043,HRSG4B,DLNB
6043,PMR8A,"DLNB,H2O,SCR"
6043,PMR8B,"DLNB,H2O,SCR"
6043,PMR8C,"DLNB,H2O,SCR"
6043,PMR8D,"DLNB,H2O,SCR"
7380,1,"DLNB,H2O,SCR"
7380,2,"DLNB,H2O,SCR"
7380,4A,"DLNB,H2O"
7380,4B,"DLNB,H2O"
7380,5A,"DLNB,H2O"
7380,5B,"DLNB,H2O"
7380,6A,"DLNB,H2O"
7380,6B,"DLNB,H2O"
7380,7A,"DLNB,H2O"
7380,7B,"DLNB,H2O"
7380,8A,"DLNB,H2O"
7380,8B,"DLNB,H2O"
54426,1,DLNB
6469,B2,LNC3
8222,B1,OFA
667,3,LNB
60345,OCEC1A,"DLNB,SCR"
60345,OCEC1B,"DLNB,SCR"
60345,OCEC1C,"DLNB,SCR"
55286,O-1,"DLNB,H2O"
55286,O-2,"DLNB,H2O"
55286,O-3,"DLNB,H2O"
55286,O-4,"DLNB,H2O"
55286,O-5,"DLNB,H2O"
54365,1,"DLNB,H2O"
54365,2,"DLNB,H2O"
54466,1,DLNB
55192,OSC1,"DLNB,H2O"
55192,OSC2,"DLNB,H2O"
55192,OSC3,"DLNB,H2O"
55412,CT1,"DLNB,SCR"
55412,CT2,"DLNB,SCR"
634,4A,"DLNB,H2O,SCR"
634,4B,"DLNB,H2O,SCR"
634,4C,"DLNB,H2O,SCR"
634,4D,"DLNB,H2O,SCR"
7242,**1,O
7242,**2,"DLNB,H2O,SCR"
7242,**3,"DLNB,H2O,SCR"
7242,**4,"DLNB,SCR"
7242,**5,"DLNB,SCR"
617,PECT5A,"DLNB,H2O,SCR"
617,PECT5B,"DLNB,H2O,SCR"
617,PECT5C,"DLNB,H2O,SCR"
7254,32432,H2O
619,RBCT5A,"DLNB,H2O,SCR"
619,RBCT5B,"DLNB,H2O,SCR"
619,RBCT5C,"DLNB,H2O,SCR"
689,8,"DLNB,H2O"
620,SNCT4A,DLNB
620,SNCT4B,DLNB
620,SNCT4C,DLNB
620,SNCT4D,DLNB
620,SNCT5A,DLNB
620,SNCT5B,DLNB
620,SNCT5C,DLNB
620,SNCT5D,DLNB
55242,CT-1,DLNB
6098,1,"OFA,SCR"
4158,BW43,LNBO
136,CT1,"DLNB,SCR"
136,CT2,"DLNB,SCR"
55414,GT101,"DLNB,H2O"
55414,GT201,"DLNB,H2O"
55414,GT301,"DLNB,H2O"
55821,25,"DLNB,H2O,SCR"
55821,26,"DLNB,H2O,SCR"
6584,CT4,H2O
7699,1,DLNB
673,S-3,
56400,1,"DLNB,H2O,SCR"
621,TPCT5A,"DLNB,H2O,NH3,SCR"
621,TPCT5B,"DLNB,H2O,NH3,SCR"
621,TPCT5C,"DLNB,H2O,NH3,SCR"
621,TPCT5D,"DLNB,H2O,NH3,SCR"
7345,1,STM
55415,GT101,"DLNB,H2O"
55415,GT201,"DLNB,H2O"
55415,GT301,"DLNB,H2O"
55415,GT401,"DLNB,H2O"
56407,WCCT1A,"DLNB,H2O,NH3,O,SCR"
56407,WCCT1B,"DLNB,H2O,NH3,O,SCR"
56407,WCCT1C,"DLNB,H2O,NH3,O,SCR"
56407,WCCT2A,"DLNB,H2O,NH3,O,SCR"
56407,WCCT2B,"DLNB,H2O,NH3,O,SCR"
56407,WCCT2C,"DLNB,H2O,NH3,O,SCR"
56407,WCCT3A,"DLNB,H2O,O,SCR"
56407,WCCT3B,"DLNB,H2O,O,SCR"
56407,WCCT3C,"DLNB,H2O,O,SCR"
55672,CT1,DLNB
55672,CT2,DLNB
55672,CT3,DLNB
55672,CT4,DLNB
55672,CT5,DLNB
55672,CT6,DLNB
55672,CT7,DLNB
55672,CT8,DLNB
4158,BW44,LNC2
6258,1A,
6258,1B,
6258,1C,
6258,1D,
6258,1E,
6258,1F,
55304,CT1,H2O
55304,CT5,H2O
55406,1,"DLNB,SCR"
55406,2,"DLNB,SCR"
56609,1,SCR
6204,3,"LNB,OFA,SNCR"
7504,1,LNBO
55479,1,"LNBO,SCR"
7917,8A,SCR
7917,8B,SCR
7765,1,"DLNB,H2O"
7765,10,"DLNB,H2O"
7765,2,"DLNB,H2O"
7765,3,"DLNB,H2O"
7765,4,"DLNB,H2O"
7765,5,"DLNB,H2O"
7765,6,"DLNB,H2O"
7765,7,"DLNB,H2O"
7765,8,"DLNB,H2O"
7765,9,"DLNB,H2O"
55244,CTG-2,DLNB
55244,CTG-3,DLNB
55244,CTG-4,DLNB
55244,CTG-5,DLNB
55267,1,DLNB
55267,2,DLNB
55267,3,DLNB
55267,4,DLNB
70454,MAG1,H2O
70454,MAG2,H2O
55141,CT1,DLNB
55141,CT2,DLNB
55141,CT3,DLNB
710,3AA,
710,3AB,
710,3BA,
710,3BB,
710,4A,"DLNB,H2O,SCR"
710,4B,"DLNB,SCR"
710,5A,"DLNB,H2O,SCR"
710,5B,"DLNB,SCR"
710,6A,"DLNB,SCR"
710,6B,"DLNB,SCR"
7764,1,H2O
7764,2,H2O
6124,CT1,H2O
6124,CT2,H2O
6124,CT3,H2O
6124,CT4,H2O
6124,CT5,H2O
6124,CT6,H2O
6124,CT7,H2O
6124,CT8,H2O
56150,10A,"DLNB,H2O,SCR"
56150,10B,"DLNB,H2O,SCR"
56150,11A,"DLNB,H2O,SCR"
56150,11B,"DLNB,H2O,SCR"
715,3A,
715,3B,
715,3C,
715,4A,
715,4B,
715,4C,
715,4D,
715,4E,
715,4F,
55040,1,"DLNB,H2O,SCR"
55040,2,"DLNB,H2O,SCR"
7348,CT1,H2O
7348,CT2,H2O
56319,1,"LNBO,SCR"
56596,1,"LNB,SCR"
6101,BW91,LNBO
7813,1,DLNB
7813,2,DLNB
7813,3,DLNB
7813,4,DLNB
7829,1,DLNB
7829,2,DLNB
7768,CT2,H2O
7768,CT3,H2O
7916,1,DLNB
7916,2,DLNB
7916,3,DLNB
7916,4,DLNB
7916,5,DLNB
7916,6,DLNB
55061,CT1,"DLNB,H2O"
55061,CT2,"DLNB,H2O"
55061,CT3,"DLNB,H2O"
55061,CT4,"DLNB,H2O"
55061,CT5,"DLNB,H2O"
55061,CT6,"DLNB,H2O"
55382,CCCT1,"DLNB,SCR"
55382,CCCT2,"DLNB,SCR"
55382,CCCT3,"DLNB,SCR"
55382,CCCT4,"DLNB,SCR"
56015,P1A,H2O
56015,P1B,H2O
56015,P2A,H2O
56015,P2B,H2O
55128,T1,DLNB
55128,T2,DLNB
55128,T3,DLNB
7946,CT9A,"DLNB,SCR"
7946,CT9B,"DLNB,SCR"
55965,6A,"DLNB,SCR"
55965,6B,"DLNB,SCR"
55965,7A,"DLNB,SCR"
55965,7B,"DLNB,SCR"
55332,T1,DLNB
55332,T2,DLNB
55332,T3,DLNB
55332,T4,DLNB
728,Y6BR,"LNC2,O"
728,Y7BR,"LNC2,O"
1353,BSU1,"LNB,OFA"
55164,GTG1,"DLNB,SCR"
55164,GTG2,"DLNB,SCR"
55164,GTG3,DLNB
1363,7A,DLNB
1363,7B,DLNB
880038,B026,SCR
8223,1,LNC1
55308,A,
55308,B,
55308,C,
8223,2,LNC1
8223,4,"LNB,SCR"
8223,TS3,"LNB,SCR"
1355,5,H2O
1355,6,"DLNB,H2O"
1355,7,"DLNB,H2O"
8224,2,LNB
56224,1,"LNBO,SCR"
56808,1,SNCR
56808,2,SNCR
6041,3,SNCR
6041,4,SNCR
56786,1,"OFA,SNCR"
60340,B0004,SNCR
876,1,"OFA,SCR"
876,2,"OFA,SCR"
879,61,"OFA,SNCR"
879,62,"OFA,SNCR"
1710,1,LNC3
55232,CT1,"DLNB,H2O"
55232,CT2,"DLNB,H2O"
55232,CT3,"DLNB,H2O"
55232,CT4,"DLNB,H2O"
55232,CT5,"DLNB,H2O"
55232,CT6,"DLNB,H2O"
55232,CT7,"DLNB,H2O"
55232,CT8,"DLNB,H2O"
1710,2,"LNCB,SCR"
1893,4,"LNC3,SNCR"
4271,B1,"LNB,SCR"
6055,2B1,"LNBO,SNCR"
1366,12,
1366,13,DLNB
56556,EU01A,H2O
56556,EU01B,H2O
56556,EU02A,H2O
56556,EU02B,H2O
1378,PCC1,"DLNB,SCR"
1378,PCC2,"DLNB,SCR"
1378,PCC3,"DLNB,SCR"
880065,1,
880065,2,
6639,G1,
6639,G2,
55198,GTG101,DLNB
55198,GTG201,DLNB
55198,GTG301,DLNB
55198,GTG401,"DLNB,H2O,SCR"
55198,GTG501,"DLNB,H2O,SCR"
1383,RT,
2963,3313,"LNC1,OFA"
1379,2,LNB
1379,3,LNB
6288,1,LNB
1379,5,LNB
1379,6,LNB
1379,7,LNB
1379,8,LNB
1379,9,LNB
54,SCT1,H2O
54,SCT10,"H2O,SCR"
54,SCT2,H2O
54,SCT3,H2O
54,SCT4,"DLNB,H2O"
54,SCT5,"DLNB,H2O"
54,SCT6,"DLNB,H2O"
54,SCT7,"DLNB,H2O"
54,SCT9,"H2O,SCR"
6288,2,"LNB,SCR"
6071,10,DLNB
2367,5,SNCR
6071,5,DLNB
6071,6,DLNB
6071,7,DLNB
6071,8,DLNB
6071,9,DLNB
55694,AA-001,"DLNB,SCR"
55694,AA-002,"DLNB,SCR"
55220,A01,"DLNB,SCR"
55220,A02,"DLNB,SCR"
55063,1,SCR
55063,2,SCR
55063,3,SCR
2050,1,
55197,AA-001,"DLNB,SCR"
55197,AA-002,"DLNB,SCR"
55197,AA-003,"DLNB,SCR"
2047,5,DLNB
55706,CTG1,"DLNB,SCR"
55706,CTG2,"DLNB,SCR"
55706,CTG3,"DLNB,SCR"
55395,CT01,DLNB
55395,CT02,DLNB
55395,CT03,DLNB
55395,CT04,DLNB
10678,1,"NH3,SNCR"
6073,2,
6073,3A,"DLNB,SCR"
6073,3B,"DLNB,SCR"
6073,4A,"DLNB,SCR"
6073,4B,"DLNB,SCR"
57037,AB-001,SCR
57037,AB-002,SCR
8054,1,OFA
55218,2,DLNB
55218,H01,"DLNB,SCR"
55218,H02,"DLNB,SCR"
7960,KCT1,"DLNB,H2O"
7960,KCT2,"DLNB,H2O"
7960,KCT3,"DLNB,H2O"
7960,KCT4,"DLNB,H2O"
55451,CTG-1,"DLNB,SCR"
55451,CTG-2,"DLNB,SCR"
55451,CTG-3,"DLNB,SCR"
2070,**4,DLNB
2070,3,
2070,5,DLNB
2070,6,"DLNB,SCR"
2070,7,"DLNB,SCR"
6061,3,"DLNB,SCR"
10603,31,
10113,31,OFA
7988,1,DLNB
7988,2,DLNB
7988,3,DLNB
55269,AA-001,"DLNB,SCR"
55269,AA-002,"DLNB,SCR"
55269,AA-003,"DLNB,SCR"
2048,CTA,
2048,CTB,
7989,1,H2O
7989,2,H2O
7989,3,H2O
2049,4,LNB
2049,5,LNB
2049,CTA,
2049,CTB,
2706,3,H2O
2706,4,H2O
2706,CT5,"DLNB,H2O,SCR"
2706,CT7,"DLNB,H2O,SCR"
10113,32,OFA
10343,SG-101,
2707,1,
2707,2,
2707,3,
2707,4,
50244,B4,"LNC2,SNCR"
50244,BB,LNB
50244,PG,LNB
50244,RB,OFA
50244,RC,LNB
2720,11C,"DLNB,SCR"
2720,12C,"DLNB,SCR"
1016,GT-1,H2O
1016,GT-2,H2O
1016,GT-3,H2O
1016,GT-4,H2O
1016,GT-5,H2O
1016,GT-6,H2O
1016,GT-7,H2O
1016,GT-8,H2O
57029,ES1,"DLNB,H2O"
57029,ES2,"DLNB,H2O"
57029,ES3,"DLNB,H2O"
57029,ES4,"DLNB,H2O"
50888,NGC01,NH3
50776,1,NH3
10525,ES5A,
2723,8C,"DLNB,SCR"
2723,9C,"DLNB,SCR"
50776,2,NH3
50397,36,SNCR
2709,01A,"DLNB,H2O,SCR"
2709,01B,"DLNB,H2O,SCR"
2709,01C,"DLNB,H2O,SCR"
2709,10,H2O
2709,11,H2O
2709,12,"DLNB,H2O"
2709,13,"DLNB,H2O"
2709,14,"DLNB,H2O"
50188,105,
50188,6,LNB
59325,ES-1,"DLNB,SCR"
2713,01A,"DLNB,H2O,SCR"
2713,01B,"DLNB,H2O,SCR"
2713,4,H2O
2713,5,H2O
7277,1,H2O
7277,10,H2O
7277,11,H2O
7277,12,H2O
7277,13,H2O
7277,14,H2O
7277,15,H2O
7277,16,H2O
7277,17,"DLNB,SCR"
7277,2,H2O
7277,3,H2O
7277,4,H2O
7277,5,H2O
7277,6,H2O
7277,7,H2O
7277,8,H2O
7277,9,H2O
50611,31,
50974,1,SNCR
50974,2,SNCR
3130,1,SNCR
3130,2,SNCR
54634,1,
56249,ES1-A,H2O
56249,ES1-B,H2O
56249,ES2-A,H2O
56249,ES2-B,H2O
56249,ES3-A,H2O
56249,ES3-B,H2O
56249,ES4-A,H2O
56249,ES4-B,H2O
56249,ES5-A,H2O
56249,ES5-B,H2O
56249,ES6-A,H2O
56249,ES6-B,H2O
56292,ES1-A,H2O
56292,ES1-B,H2O
56292,ES2-A,H2O
56292,ES2-B,H2O
56292,ES3-A,H2O
56292,ES3-B,H2O
56292,ES4-A,H2O
56292,ES4-B,H2O
56292,ES5-A,H2O
56292,ES5-B,H2O
56292,ES6-A,H2O
56292,ES6-B,H2O
7826,1,"DLNB,H2O"
7826,2,"DLNB,H2O"
7826,3,"DLNB,H2O"
7826,4,"DLNB,SCR"
7826,5,"DLNB,SCR"
7805,1,"DLNB,H2O"
7805,10,"DLNB,H2O,SCR"
7805,2,"DLNB,H2O"
7805,3,"DLNB,H2O"
7805,4,"DLNB,H2O"
7805,6,"DLNB,H2O"
7805,7,"DLNB,H2O,SCR"
7805,8,"DLNB,H2O,SCR"
7805,9,"DLNB,H2O,SCR"
55116,CT1,"DLNB,H2O"
55116,CT2,"DLNB,H2O"
55116,CT3,"DLNB,H2O"
55116,CT4,"DLNB,H2O"
55116,CT5,"DLNB,H2O"
50555,1,H2O
50555,2,H2O
10151,1A,"CM,SNCR"
10151,1B,"CM,SNCR"
55076,AA001,O
55076,AA002,O
54276,ES001,
54276,ES002,
54556,B10,SNCR
976,123,SNCR
54276,ES003,
2716,4,
2716,5,
2716,6,
2716,7,
4125,8,
55166,CT-1,DLNB
55166,CT-2,DLNB
55166,CT-3,DLNB
55166,CT-4,DLNB
55166,CT-5,DLNB
55043,CCCP1,SCR
55386,B-1,LNB
55386,B-2,LNB
55386,B-3,LNB
55386,CT-1,"DLNB,H2O,SCR"
55386,CT-2,"DLNB,H2O,SCR"
4125,9,SNCR
50030,1A,OFA
50030,2A,OFA
10671,1A,
10671,1B,
3250,12,H2O
3250,13,H2O
3285,HAG4,H2O
3318,CT1,
3318,CT2,
3318,CT3,H2O
55927,CT01,"DLNB,H2O,NH3"
55927,CT02,"DLNB,H2O,NH3"
55927,CT03,"DLNB,H2O,NH3"
7834,CT1A,"DLNB,H2O,SCR"
7834,CT1B,"DLNB,H2O,SCR"
7834,CT2A,"DLNB,H2O"
7834,CT2B,"DLNB,H2O"
7834,CT3,
7834,CT4,
7834,CT5,
3287,MCM1,LNC2
3287,MCM2,LNC2
7981,1,"DLNB,H2O"
7981,2,"DLNB,H2O"
7981,3,"DLNB,H2O"
7981,4,"DLNB,H2O"
7981,5,"DLNB,H2O"
7981,6,"DLNB,H2O"
7981,7,"DLNB,H2O"
7981,8,"DLNB,H2O"
3320,CT3,
3320,CT4,
3320,CT5,
3295,URQ3,LNC2
3295,URQ4,H2O
3295,URQ5,"DLNB,H2O"
3295,URQ6,"DLNB,H2O"
3264,11,"DLNB,SCR"
3264,12,"DLNB,SCR"
3264,7C,H2O
3264,8C,H2O
10671,2A,
10671,2B,
6095,1,"LNC3,OFA"
6095,2,"LNC3,OFA"
7030,U1,SNCR
7030,U2,SNCR
58054,ST01,SCR
3393,ACC1,"DLNB,SCR"
3393,ACC2,"DLNB,SCR"
3393,ACT17,
3393,ACT18,
3393,ACT19,
3393,ACT20,
55081,AA-001,STM
55081,AA-002,STM
55081,AA-003,H2O
55081,AA-004,H2O
1355,10,H2O
1355,11,H2O
1355,8,H2O
3399,A1,
3399,B1,
10252,REC2,
50481,253-25,O
50481,253-26,LNC1
50481,253-27,O
50481,253-28,O
50481,253-29,O
50481,325-30,LNC1
50481,325-31,LNBO
50481,83-23,
50481,83-24,
1355,9,H2O
50240,5,
10075,1,"OFA,SNCR"
10075,2,"OFA,SNCR"
3403,GCT1,
3403,GCT2,
3403,GCT3,
3403,GCT4,
3403,GCT5,"DLNB,H2O"
3403,GCT6,"DLNB,H2O"
3403,GCT7,"DLNB,H2O"
3403,GCT8,"DLNB,H2O"
55251,CTG-1,DLNB
55251,CTG-2,DLNB
55251,CTG-3,DLNB
880110,1,"LNB,SCR"
880110,2,"LNB,SCR"
880110,3,"LNB,SCR"
880110,4,"LNB,SCR"
3405,JCC1,"DLNB,H2O,SCR"
3405,JCC2,"DLNB,H2O,SCR"
3405,JCC3,"DLNB,H2O,SCR"
3406,AUX1,"LNB,SCR"
3406,AUX2,"LNB,SCR"
3406,JCT1,
3406,JCT10,
3406,JCT11,
3406,JCT12,
3406,JCT13,
3406,JCT14,
3406,JCT15,
3406,JCT16,
3406,JCT17,"DLNB,H2O"
3406,JCT18,"DLNB,H2O"
3406,JCT19,"DLNB,H2O"
3406,JCT2,
3406,JCT20,SCR
3406,JCT3,
3406,JCT4,
3406,JCT5,
3406,JCT6,
3406,JCT7,
3406,JCT8,
3406,JCT9,
4078,3,"LNC1,LNC2"
56671,1,"LNBO,SCR"
10017,2,OFA
50254,1,
6166,MB1,"LNB,SCR"
6166,MB2,"LNB,SCR"
8066,BW71,LNC1
8066,BW72,LNC1
8066,BW73,"LNC1,SCR"
7845,LCC1,"DLNB,SCR"
7845,LCC2,"DLNB,SCR"
7845,LCT1,"DLNB,H2O"
7845,LCT10,"DLNB,H2O"
7845,LCT11,"DLNB,H2O"
7845,LCT12,"DLNB,H2O"
7845,LCT2,"DLNB,H2O"
7845,LCT3,"DLNB,H2O"
7845,LCT4,"DLNB,H2O"
7845,LCT5,"DLNB,H2O"
7845,LCT6,"DLNB,H2O"
7845,LCT7,"DLNB,H2O"
7845,LCT8,"DLNB,H2O"
7845,LCT9,"DLNB,H2O"
50956,11,
50956,12,
880079,34,
880079,35,
880079,37,DLNB
880079,38,DLNB
55703,P049,LNB
7818,ACT1,H2O
7818,ACT2,H2O
7818,ACT5,
7818,ACT6,H2O
880086,UNITE,
880086,UNITF,
8066,BW74,"LNC1,SCR"
4162,1,LNC2
4162,2,LNC2
3470,WAP8,"LNC3,NH3,SCR"
994,2,"LNC3,SCR"
2364,1,SCR
2364,2,SCR
602,1,"LNBO,SCR"
3140,1,LNC3
10865,GB1,
10865,GB2,
55279,AGS01,DLNB
55279,AGS02,DLNB
55279,AGS03,DLNB
55279,AGS04,DLNB
55279,AGS05,H2O
55279,AGS06,H2O
55279,AGS07,H2O
55279,AGS08,H2O
55279,AGS09,H2O
55279,AGS10,H2O
3140,2,LNC3
3140,3,LNC3
10866,13,"LNB,O"
10866,14,"LNB,O"
63931,1,SCR
63931,2,SCR
55296,**1,DLNB
55296,**2,DLNB
55188,1,"DLNB,SCR"
55188,2,"DLNB,SCR"
55253,GT1,DLNB
55253,GT2,DLNB
55253,GT3,DLNB
55253,GT4,DLNB
3136,1,"LNC3,SCR"
3136,2,"LNC3,SCR"
55438,CT01,DLNB
55438,CT02,DLNB
55438,CT03,DLNB
55438,CT04,DLNB
55199,1,DLNB
55199,2,DLNB
55199,3,DLNB
55199,4,DLNB
55199,5,DLNB
55199,6,DLNB
55199,7,DLNB
55199,8,DLNB
55199,9,DLNB
50627,20B1,STM
50627,55B100,LNB
8016,2,
886,311,
886,312,
886,321,
886,322,
886,331,
886,332,
886,341,
886,342,
7842,CT1,H2O
55201,GCTG1,"DLNB,H2O"
55201,GCTG2,"DLNB,H2O"
55496,CT-01,DLNB
55496,CT-02,DLNB
55496,CT-03,DLNB
55496,CT-04,DLNB
55496,CT-05,DLNB
55496,CT-06,DLNB
862,CT01,DLNB
862,CT02,DLNB
55334,CTG1,"DLNB,SCR"
55334,CTG2,"DLNB,SCR"
880089,CB706,LNC1
54556,B06,O
54556,B07,O
54556,B08,"LNB,SCR"
3149,1,"LNC3,SCR"
7425,1,H2O
60387,3,"DLNB,H2O"
60387,4,"DLNB,H2O"
62926,CTG-01,"DLNB,SCR"
62926,CTG-02,"DLNB,SCR"
384,71,LNC3
384,72,LNC3
384,81,LNC3
384,82,LNC3
874,5,"CM,OFA,SNCR"
55131,GTG-1,"DLNB,SCR,STM"
55131,GTG-2,"DLNB,SCR,STM"
55131,GTG-3,"DLNB,SCR,STM"
55131,GTG-4,"DLNB,SCR,STM"
3149,2,"LNC3,SCR"
3797,5,"LNC2,SCR"
55204,KCTG1,"DLNB,H2O"
55204,KCTG2,"DLNB,H2O"
55640,CT01,"H2O,SCR"
55640,CT02,"H2O,SCR"
55640,CT03,"H2O,SCR"
55640,CT04,"H2O,SCR"
55640,CT05,"H2O,SCR"
55640,CT06,"H2O,SCR"
55640,CT07,"H2O,SCR"
55640,CT08,"H2O,SCR"
55640,CT09,"H2O,SCR"
55640,CT10,"H2O,SCR"
55640,CT11,"H2O,SCR"
55640,CT12,"H2O,SCR"
55236,CT1,DLNB
55236,CT2,DLNB
55236,CT3,DLNB
55236,CT4,DLNB
55236,CT5,DLNB
55236,CT6,DLNB
55236,CT7,DLNB
55236,CT8,DLNB
880076,430B-1,
880076,430B24,SCR
880076,431B25,SCR
55222,CTG-1,DLNB
55222,CTG-2,DLNB
55222,CTG-3,DLNB
55222,CTG-4,DLNB
55222,CTG-5,DLNB
55222,CTG-6,DLNB
55222,CTG-7,DLNB
55222,CTG-8,DLNB
880088,59F-3,
880088,59F-4,
3943,1,LNC1
976,5,"DLNB,H2O"
976,6,"DLNB,H2O"
55216,B-5,LNB
55216,B-6,LNB
55216,CTG1,DLNB
55216,CTG2,DLNB
55216,CTG3,DLNB
55183,1,"DLNB,SCR"
55183,2,"DLNB,SCR"
6017,1,"LNC3,O"
55202,CT01,H2O
55202,CT02,H2O
55202,CT03,H2O
55202,CT04,H2O
55202,CT05,DLNB
55202,CT06,DLNB
55202,CT07,DLNB
55202,CT08,DLNB
879,51,"OFA,SNCR"
879,52,"OFA,SNCR"
3943,2,LNCB
3944,1,"LNB,SCR"
3944,2,"LNB,SCR"
3944,3,"LNB,SCR"
55417,CT-01,DLNB
55417,CT-02,DLNB
55417,CT-03,DLNB
55417,CT-04,DLNB
55238,1,DLNB
55238,2,DLNB
55936,U1,DLNB
55109,T1,DLNB
55109,T2,DLNB
55109,T3,H2O
55109,T4,DLNB
55237,SCE1,H2O
55237,SCE2,H2O
55237,SCE3,H2O
55237,SCE4,H2O
55237,SCE5,H2O
55237,SCE6,H2O
55237,SCE7,H2O
55237,SCE8,H2O
55281,CTG10,DLNB
55281,CTG11,DLNB
55281,CTG12,DLNB
55281,CTG5,DLNB
55281,CTG6,DLNB
55281,CTG7,DLNB
55281,CTG8,DLNB
55281,CTG9,DLNB
7760,1,H2O
7760,2,H2O
7760,3,H2O
7760,4,H2O
55250,UP1,H2O
55250,UP10,H2O
55250,UP11,H2O
55250,UP12,H2O
55250,UP2,H2O
55250,UP3,H2O
55250,UP4,H2O
55250,UP5,H2O
55250,UP6,H2O
55250,UP7,H2O
55250,UP8,H2O
55250,UP9,H2O
913,CT03,"DLNB,H2O"
913,CT04,"DLNB,H2O"
913,CT05,"DLNB,H2O"
913,CT2A,H2O
913,CT2B,H2O
883,311,
883,312,
883,321,
883,322,
880067,BLR15,
880067,BLR16,
880067,BLR17,
880067,BLR19,SCR
55392,CT-1,"DLNB,H2O"
55392,CT-2,"DLNB,H2O"
55392,CT-3,"DLNB,H2O"
6004,1,"LNB,SCR"
6004,2,"LNB,SCR"
6137,3,H2O
6137,4,"DLNB,H2O"
628,5,"LNB,SCR"
564,1,LNB
564,2,"LNB,SCR"
703,1BLR,"LNC2,SCR"
7336,ACT1,H2O
7336,ACT2,H2O
7336,ACT3,"DLNB,H2O"
52130,3SPS31,"O,OFA,SCR"
52130,3SPS32,"O,OFA,SCR"
52130,3SPS33,"O,OFA,SCR"
52130,3SPS34,"O,OFA,SCR"
52130,3SPS36,"O,OFA,SCR"
992,11,
992,12,
992,13,
992,14,
992,16,
703,2BLR,"LNC2,SCR"
703,3BLR,"LNC2,SCR"
1001,4,DLNB
703,4BLR,"LNC2,SCR"
6257,1,"O,SCR"
6257,2,"O,SCR"
6257,3,"O,SCR"
6018,2,"OFA,SCR"
2721,5,"LNC3,SCR"
1004,CTG1,SCR
1004,CTG2,SCR
2721,6,"LNBO,SCR"
2727,1,"LNC3,SNCR"
7759,GT1,DLNB
7759,GT2,DLNB
7759,GT3,DLNB
7759,GT4,DLNB
2727,2,"LNC3,SNCR"
2727,3,"LNC3,SCR"
2727,4,"LNC3,SNCR"
6250,1A,"LNB,SCR"
6250,1B,"LNB,SCR"
880108,BLR1,LNB
880108,BLR2,LNB
7763,1,H2O
7763,2,H2O
7763,3,H2O
7948,1,H2O
7948,2,H2O
7948,3,H2O
7948,4,H2O
7948,5,H2O
7948,6,H2O
991,GT1,"DLNB,SCR"
991,GT2,"DLNB,SCR"
990,50,"CM,LNC2"
990,60,"CM,LNC2"
2712,1,"LNB,OFA,SCR"
990,GT4,H2O
990,GT5,H2O
990,GT6,DLNB
2712,2,"LNC2,OFA,SCR"
3407,1,SCR
3407,2,SCR
55502,1,"DLNB,SCR"
55502,2,"DLNB,SCR"
55502,3,"DLNB,SCR"
55502,4,"DLNB,SCR"
3407,3,SCR
3407,4,SCR
3407,5,"LNC2,SCR"
55229,G1CT1,H2O
55229,G1CT2,H2O
55229,G2CT1,H2O
55229,G2CT2,H2O
55229,G3CT1,H2O
55229,G3CT2,H2O
55229,G4CT1,H2O
55229,G4CT2,H2O
1007,CT3,"DLNB,SCR"
1007,CT4,"DLNB,SCR"
1007,CT5,"DLNB,SCR"
55096,BLR1,
55096,BLR2,
55096,CT,DLNB
64854,CT1,DLNB
64854,CT2,DLNB
50240,2,LNB
50240,3,
3407,6,"LNC2,SCR"
50240,7,"CM,LNB"
6085,16A,
6085,16B,
3407,7,"LNC2,SCR"
3407,8,"LNC2,SCR"
7335,RCT1,H2O
7335,RCT2,H2O
6166,AB1,
6166,AB2,
3407,9,SCR
55856,1,SCR
57794,CTG01A,"DLNB,SCR"
57794,CTG01B,"DLNB,SCR"
55364,CT11,"DLNB,SCR"
55364,CT12,"DLNB,SCR"
50733,701B1,
50733,701B2,
50733,701B3,
50733,701B5,
50733,701B6,
50733,720B1,
50733,720B2,
50733,720B3,
55111,1,DLNB
55111,2,DLNB
55111,3,DLNB
55111,4,DLNB
55111,5,DLNB
55111,6,DLNB
55111,7,DLNB
55111,8,DLNB
57842,1,DLNB
55224,EU-01,H2O
55224,EU-02,H2O
55224,EU-03,H2O
55224,EU-04,H2O
1040,1,"LNB,NH3,OFA"
1040,2,"LNC2,NH3,OFA"
55259,CT1,"DLNB,SCR"
55259,CT2,"DLNB,SCR"
55148,1,H2O
55148,2,H2O
55148,3,H2O
55148,4,H2O
7258,**7,H2O
7258,**8,H2O
7258,9,DLNB
59926,AL1,DLNB
59926,AL2,DLNB
6034,1,LNB
6034,2,LNB
6034,CTG121,DLNB
6034,CTG122,DLNB
6034,CTG131,DLNB
62192,11,"DLNB,SCR"
62192,12,"DLNB,SCR"
54415,EUBLR,SNCR
880031,401,
880031,402,
55297,1,"DLNB,SCR"
55297,2,"DLNB,SCR"
55297,3,"DLNB,SCR"
55856,2,SCR
6705,1,LNBO
1702,3,LNB
1702,4,LNB
1702,A,LNB
1702,B,LNB
55718,1,DLNB
55718,2,DLNB
55718,3,DLNB
55718,4,DLNB
55088,BL1100,LNB
55088,BL2100,LNB
55088,BL3100,LNB
55088,GT2100,DLNB
55088,GT3100,DLNB
55088,GTP1,DLNB
1728,CTG111,DLNB
1728,CTG121,DLNB
63259,DEPC2,"DLNB,SCR"
63259,DEPC3,"DLNB,SCR"
63259,DEPS1,DLNB
54751,1,SNCR
10698,BLR08,
10822,1,SNCR
6035,1,
6035,CTG111,DLNB
6035,CTG112,DLNB
6035,CTG121,DLNB
1730,CTG121,
1730,CTG122,
59093,10,"DLNB,SCR"
59093,11,"DLNB,SCR"
55460,EUCT1,"DLNB,SCR"
55460,EUCT2,"DLNB,SCR"
6705,2,LNBO
6705,3,LNBO
6705,4,"LNCB,SCR"
55270,7EA,DLNB
55270,LM1,STM
55270,LM2,STM
55270,LM3,STM
55270,LM4,STM
55270,LM5,STM
55270,LM6,STM
55101,1,O
7984,1A,"H2O,O"
7984,1B,"H2O,O"
58427,100,DLNB
58427,200,DLNB
55102,1,H2O
55102,2,H2O
55102,3,H2O
55102,4,H2O
880029,2,LNB
54915,1,DLNB
10745,3,STM
10745,4,STM
10745,5,STM
10745,6,STM
10745,7,STM
10745,8,STM
10745,9,STM
10745,10,STM
10745,11,STM
10745,12,DLNB
10745,13,STM
10745,14,STM
10745,16,LNB
10745,17,LNB
10745,18,LNB
10745,19,LNB
10745,20,LNB
10745,21,LNB
8102,1,"LNCB,SCR"
8102,2,"LNCB,SCR"
2866,5,"LNB,SNCR"
2866,6,"LNBO,SCR"
55799,24,DLNB
55799,25,DLNB
55402,CT1,DLNB
55402,CT2,DLNB
55402,CT3,DLNB
55402,CT4,DLNB
7972,1,DLNB
7972,2,DLNB
7972,3,DLNB
7972,4,DLNB
10328,UNIT1,"LNB,OFA"
10328,UNIT2,"LNB,OFA"
10328,UNIT3,"LNB,OFA"
10328,UNIT4,
2866,7,"LNCB,SCR"
2442,4,"LNCB,SCR"
880045,260-03,
880045,260-04,
880045,260-06,
1866,5,
1866,7,LNB
55087,CC1,DLNB
55087,CC2,DLNB
55087,CC3,"DLNB,SCR"
55087,CC4,"DLNB,SCR"
2442,5,"LNCB,SCR"
1904,5,SCR
1904,6,
8027,1,
8027,2,
8027,3,
8027,4,
8027,7,DLNB
8027,8,DLNB
6065,1,"LNBO,OFA,SCR"
6065,2,"LNBO,OFA,SCR"
2038,1,
2038,2,DLNB
56241,CT-01,"DLNB,H2O"
56241,CT-02,"DLNB,H2O"
6058,CT1,H2O
6058,CT2,H2O
6058,CT3,H2O
55010,1,SCR
2039,ERPS11,DLNB
56164,EU006,"DLNB,H2O,SCR"
1897,3,
1897,4,
1912,7,"DLNB,SCR"
1912,8,"DLNB,SCR"
6358,1,H2O
1913,1,
1913,2,
1913,3,
1913,4,
1913,5,
1913,6,
7925,CT01,"DLNB,H2O"
7925,CT02,"DLNB,H2O"
7925,CT03,"DLNB,H2O"
7925,CT04,"DLNB,H2O"
7925,CT05,"DLNB,H2O"
7925,CT06,"DLNB,H2O"
1891,1,LNC2
1891,2,LNC2
56104,CT-1,"DLNB,NH3,SCR"
56104,CT-2,"DLNB,H2O,NH3,SCR"
2042,1,
7844,U001,DLNB
2001,7,H2O
10849,PB1,
10849,PB2,
7843,11,"DLNB,H2O"
7843,12,"DLNB,H2O"
7843,13,"DLNB,H2O"
1927,10,"DLNB,SCR"
1927,9,"DLNB,SCR"
6741,1,
6076,3,LNC3
6076,4,LNC3
6030,1,LNC3
7947,1,H2O
6824,1,
6824,2,
6030,2,"LNC3,OFA"
2817,1,"LNB,OFA,SNCR"
55262,CT1,SCR
55263,CT1,SCR
55264,CT1,SCR
2817,2,"OFA,SNCR"
6165,1,LNC3
6165,2,LNC3
6165,3,LNBO
2828,B008,
2828,B010,
59773,1,"DLNB,SCR"
59773,2,"DLNB,SCR"
60376,1,"DLNB,SCR"
60376,2,"DLNB,SCR"
880042,P009,
880042,P010,
880042,P011,
880042,P012,
55247,CT1,"DLNB,H2O"
55247,CT2,"DLNB,H2O"
55247,CT3,"DLNB,H2O"
55247,CT4,"DLNB,H2O"
55247,CT5,"DLNB,H2O"
55247,CT6,"DLNB,H2O"
2831,1,
55350,1A,"DLNB,SCR"
55350,1B,"DLNB,SCR"
2837,6,
2847,1,H2O
2847,2,H2O
2847,3,"DLNB,H2O"
55701,CT01,"DLNB,NH3,SCR,STM"
55701,CT02,"DLNB,NH3,SCR,STM"
8069,1,LNC3
8069,2,LNC3
8102,B001,
8102,B002,
55228,G1CT1,H2O
55228,G1CT2,H2O
55228,G2CT1,H2O
55228,G2CT2,H2O
55228,G3CT1,H2O
55228,G3CT2,H2O
55228,G4CT1,H2O
55228,G4CT2,H2O
62949,P001,"DLNB,SCR"
62949,P002,"DLNB,SCR"
62949,P003,"DLNB,SCR"
55736,CTG1,"DLNB,SCR"
55736,CTG2,"DLNB,SCR"
55736,CTG3,"DLNB,SCR"
55736,CTG4,"DLNB,SCR"
160,2,OFA
160,3,OFA
113,1,LNC2
113,3,LNC3
54238,BIOMS1,SCR
880083,B026,
61322,CC1,"DLNB,SCR"
55110,1,DLNB
55110,2,DLNB
55110,3,DLNB
55110,4,DLNB
55110,5,DLNB
55110,6,DLNB
55110,7,DLNB
55110,8,DLNB
50044,B132,LNB
2832,6,
983,1,"OFA,SCR"
983,2,"OFA,SCR"
59326,1,"DLNB,SCR"
2861,CTA,
2848,H-7,
880030,B034,LNB
880030,B035,LNB
7783,P001,H2O
7782,P001,H2O
59764,1,"DLNB,SCR"
59764,2,"DLNB,SCR"
10244,B002,
10244,B003,
880109,B001,"CM,LNB"
2880,CTG4,H2O
2880,CTG5,H2O
2880,CTG6,H2O
7872,1,"DLNB,H2O"
7872,2,"DLNB,H2O"
7872,3,"DLNB,H2O"
55401,CT-1,"DLNB,H2O,SCR"
55401,CT-2,"DLNB,H2O,SCR"
55401,CT-3,"DLNB,H2O"
55401,CT-4,"DLNB,H2O"
55401,CT-5,"DLNB,H2O"
60356,1,"DLNB,SCR"
60356,2,"DLNB,SCR"
55248,CT4,"DLNB,H2O"
55248,CT5,"DLNB,H2O"
55248,CT6,"DLNB,H2O"
55248,CT7,"DLNB,H2O"
55348,1,"DLNB,H2O"
55348,2,"DLNB,H2O"
55348,3,"DLNB,H2O"
55348,4,"DLNB,H2O"
983,3,"OFA,SCR"
983,4,"OFA,SCR"
983,5,"OFA,SCR"
55397,CT1,"DLNB,SCR"
55397,CT2,"DLNB,SCR"
55503,1,"DLNB,SCR"
55503,2,"DLNB,SCR"
55503,3,"DLNB,SCR"
2869,1A,
2869,1B,
2869,2,"DLNB,H2O"
2869,3,"DLNB,H2O"
2869,4,"DLNB,H2O"
2869,5,"DLNB,H2O"
2869,6,"DLNB,H2O"
7158,**GT1,H2O
7158,**GT2,H2O
7158,**GT3,H2O
7158,**GT4,H2O
7158,**GT5,H2O
7158,**GT6,H2O
3982,1,"O,OFA,SNCR"
3982,2,"O,OFA,SNCR"
3992,8,
3992,9,O
983,6,OFA
2876,1,"OFA,SCR"
7159,**1,H2O
7159,**2,H2O
7159,**3,H2O
7159,**4,H2O
55029,B01,H2O
2876,2,"OFA,SCR"
7863,1,"DLNB,H2O"
7863,2,"DLNB,H2O"
2876,3,"OFA,SCR"
2876,4,"OFA,SCR"
3991,1,
3991,2,
56031,CTG-1,"DLNB,SCR"
56031,CTG-2,"DLNB,SCR"
4005,3,
4005,4,
6253,**5,H2O
6253,P30,
6253,P31,
6253,P32,
6253,P33,
6253,P34,
6253,P35,
6253,P36,
6253,P37,
55836,1A,H2O
55836,1B,H2O
2876,5,"OFA,SCR"
2823,B1,"OFA,SNCR"
602,2,"LNBO,SCR"
56480,1A,H2O
56480,1B,H2O
55558,B06,"H2O,SCR"
55135,CT01,DLNB
55135,CT02,DLNB
7270,**1,H2O
7270,**2,H2O
7270,**3,H2O
7270,**4,H2O
4040,11,"DLNB,SCR"
4040,12,"DLNB,SCR"
4040,21,"DLNB,SCR"
4040,22,"DLNB,SCR"
4072,32,DLNB
55641,CT-01,"DLNB,SCR"
55641,CT-02,"DLNB,SCR"
55641,CT-03,"DLNB,SCR"
55641,CT-04,"DLNB,SCR"
55391,CT-1,"DLNB,H2O"
55391,CT-2,"DLNB,H2O"
55391,CT-3,"DLNB,H2O"
58124,1,SNCR
56166,1,DLNB
56166,2,DLNB
7203,**CT1,H2O
7203,**CT2,H2O
7203,**CT3,H2O
7203,**CT4,H2O
3118,1,"LNC3,SCR"
3118,2,"LNC3,SCR"
3122,3,"LNBO,SCR"
3797,6,"LNC3,SCR"
4042,1,LNB
4042,2,LNB
4042,3,LNB
4042,4,LNB
7991,U1,"H2O,SCR"
7991,U2,"H2O,SCR"
4076,**33,H2O
4076,**34,"DLNB,H2O"
4076,31A,
4076,31B,
4076,32A,
4076,32B,
4078,2,OFA
7213,1,"O,SNCR"
4078,32A,
4078,32B,
7213,2,"O,SNCR"
4014,1,
4014,2,
4014,3,
4014,4,
4014,5,
4014,6,
55011,1,SCR
202,1,
56505,SN04,H2O
56505,SN06,H2O
56505,SN07,H2O
55340,1,"DLNB,SCR"
55340,2,"DLNB,SCR"
3935,1,"LNB,SCR"
7825,CT1,DLNB
56328,1,DLNB
56328,2,DLNB
56328,3,DLNB
56328,4,DLNB
55418,CT-1,"DLNB,SCR"
55418,CT-2,"DLNB,SCR"
6641,1,LNC2
6641,2,LNC2
3935,2,"LNB,SCR"
170,4,
55714,SN-01,"DLNB,SCR"
55714,SN-02,"DLNB,SCR"
203,1,
55221,G1,STM
55221,G2,STM
55221,G3,STM
55221,G4,STM
55221,G5,STM
55221,G6,STM
55221,G7,DLNB
55075,CT-1,DLNB
3935,3,"LNCB,SCR"
201,2,"DLNB,H2O"
55380,CTG-1,SCR
55380,CTG-2,SCR
55380,CTG-3,SCR
55380,CTG-4,SCR
55380,CTG-5,SCR
55380,CTG-6,SCR
55380,CTG-7,SCR
55380,CTG-8,SCR
6009,1,LNC2
6009,2,LNC2
55173,CT1,SCR
55173,CT2,SCR
55173,CT3,SCR
55173,CT4,SCR
1416,5A,
1416,CTG-6A,"DLNB,SCR"
1416,CTG-6B,"DLNB,SCR"
55433,CTG-1,DLNB
55433,CTG-2,DLNB
55433,CTG-3,DLNB
55433,CTG-4,DLNB
1464,1B1,"LNB,O"
1464,1B2,"LNB,O"
1464,CTG1,DLNB
1464,CTG2,DLNB
3948,1,"LNB,SCR"
6055,2B2,"LNBO,O,SNCR"
6055,2B3,"LNBO,SNCR"
6190,1,
6190,2,"LNBO,SNCR"
3948,2,"LNB,SCR"
3954,1,"LNC1,SCR"
55165,GTG1,DLNB
55165,GTG2,DLNB
55404,COG01,DLNB
55404,COG02,DLNB
1396,1-Jun,"DLNB,SCR"
1396,1-Jul,"DLNB,SCR"
1396,2-Jul,"DLNB,SCR"
56283,U-1,H2O
56283,U-2,H2O
1439,15,
1439,16,
58478,CC01,SCR
60927,1A,"DLNB,SCR"
60927,1B,"DLNB,SCR"
1417,3,
1417,4,
1402,2,CM
1402,3,CM
1391,1A,LNC1
1391,2A,LNC1
1391,3A,LNC1
1391,4A,H2O
1391,5A,DLNB
3954,2,"LNC1,SCR"
3954,3,"LNC1,SCR"
1403,4,CM
1403,5,CM
1403,6A,"H2O,SCR"
1403,6B,"H2O,SCR"
55467,CTGEN1,"DLNB,SCR"
55467,CTGEN2,"DLNB,SCR"
55467,CTGEN3,"DLNB,SCR"
55620,1-Jan,"DLNB,SCR"
55620,2-Jan,"DLNB,SCR"
55620,1-Feb,DLNB
55419,500,"DLNB,SCR"
55419,600,"DLNB,SCR"
55419,700,"DLNB,SCR"
55419,800,"DLNB,SCR"
55117,RS-5,"DLNB,SCR"
55117,RS-6,"DLNB,SCR"
1393,6,LNC2
60926,1A,"DLNB,SCR"
60926,1B,"DLNB,SCR"
1404,7AB,
56108,U-1,H2O
56108,U-2,H2O
55089,CT1,DLNB
55089,CT2,DLNB
55089,CT3,DLNB
1400,3,
1400,4,DLNB
55486,CTG01,DLNB
55486,CTG02,DLNB
8056,1,"CM,LNCB"
8056,2,"CM,LNCB"
8056,4,STM
55210,1,"DLNB,H2O,SCR"
55977,CTG-1,"DLNB,SCR"
2454,121B,OFA
2454,122B,OFA
2454,123T,DLNB
2454,124T,DLNB
6264,1,"LNB,SCR"
3,5,"LNC2,SCR"
56458,HOBB1,"DLNB,SCR"
56458,HOBB2,"DLNB,SCR"
58284,1,"DLNB,SCR"
7967,1,H2O
7967,2,H2O
55343,CTG1,"DLNB,SCR"
55343,CTG2,"DLNB,SCR"
2446,051B,OFA
7975,1,H2O
7975,2,H2O
7975,3,H2O
7975,4,H2O
2450,1,
2450,2,
2450,3,
55039,GT-1,"DLNB,H2O"
2444,6,
2444,7,
2444,8,
2444,9,"DLNB,SCR"
55802,CTG1,DLNB
3006,10,H2O
3006,11,H2O
3006,3,
3006,4,DLNB
3006,5,DLNB
3006,6,DLNB
3006,7,H2O
3006,8,H2O
3006,9,H2O
58325,1,DLNB
7757,1,"DLNB,SCR"
7757,2,"DLNB,SCR"
7757,3,"DLNB,SCR"
7757,4,"DLNB,SCR"
8059,7251,DLNB
8059,7252,DLNB
50558,CC01,STM
165,1,OFA
26,5,"LNC2,SCR"
165,3,SCR
55146,CTGEN1,SCR
55146,CTGEN2,SCR
55146,CTGEN3,SCR
2951,10,H2O
2951,6,
2951,7,
2951,8,
2951,9,H2O
6772,1,LNBO
55457,CT1,DLNB
55457,CT2,DLNB
3008,1,
3008,2,
3008,3,"O,OFA"
2952,4,"LNC3,OFA"
2952,5,"LNC3,OFA"
2952,6,OFA
2953,T10,H2O
2953,T11,H2O
2953,T12,H2O
2953,T6,H2O
2953,T7,H2O
2953,T8,H2O
2953,T9,H2O
2963,3301A,DLNB
2963,3301B,DLNB
2963,3302,LNCB
6002,1,"LNB,SCR"
55225,CTG-1,DLNB
55225,CTG-2,DLNB
55225,CTG-3,DLNB
55225,CTG-4,DLNB
762,2,
762,3,H2O
762,4,H2O
55463,CT-01,"DLNB,SCR"
55463,CT-02,"DLNB,SCR"
55463,CT-03,"DLNB,SCR"
55463,CT-04,"DLNB,SCR"
6002,2,"LNB,SCR"
6002,3,"LNB,SCR"
6002,4,"LNB,SCR"
645,BB03,"NH3,O,SCR"
4940,1501,
4940,1502,
4940,1503,CM
4940,1504,CM
2956,1,LNB
2956,2,LNB
2956,3,LNB
645,BB04,"LNC2,NH3,SCR"
628,4,"LNB,SCR"
2964,8002,
2964,8003,"LNCB,OFA"
2964,8004,CM
2964,8005,CM
2964,801N,
2964,801S,
55651,CT-01,DLNB
55651,CT-02,DLNB
55651,CT-03,DLNB
55651,CT-04,DLNB
55501,CTGDB1,DLNB
55501,CTGDB2,DLNB
55501,CTGDB3,DLNB
55501,CTGDB4,DLNB
63628,5A-1,
63628,5A-2,
63628,5B-1,
63628,5B-2,
2965,1402,
2965,1404,
2966,4,
2966,5,
10298,CG801,"DLNB,O"
10298,CG802,"DLNB,O"
10298,CG802A,
10298,CG803,"DLNB,O"
10298,CG804,"DLNB,O"
57865,1,DLNB
57865,2,DLNB
57865,3,DLNB
60264,BCGT1,DLNB
60264,BCGT2,DLNB
60264,BCGT3,DLNB
60264,BCGT4,DLNB
60264,BCGT5,DLNB
60264,BCGT6,DLNB
4939,1,
4939,3,SCR
4939,4,SCR
55168,CTG-1A,DLNB
55168,CTG-1B,DLNB
55327,CTG-1,SCR
55327,CTG-2,SCR
55327,CTG-3,SCR
55064,1,"DLNB,SCR"
55064,2,"DLNB,SCR"
55172,GT-1,"DLNB,SCR"
55172,GT-2,"DLNB,SCR"
55172,GT-3,DLNB
64383,CT-1,"H2O,SCR"
64383,CT-2,"H2O,SCR"
64383,CT-3,"H2O,SCR"
64383,CT-4,"H2O,SCR"
64383,CT-5,"H2O,SCR"
64383,CT-6,"H2O,SCR"
64383,CT-7,"H2O,SCR"
64383,CT-8,"H2O,SCR"
55357,CTG1,"DLNB,SCR"
55357,CTG2,"DLNB,SCR"
65373,CT-1,"H2O,SCR"
65373,CT-2,"H2O,SCR"
65373,CT-3,"H2O,SCR"
65373,CT-4,"H2O,SCR"
65373,CT-5,"H2O,SCR"
65373,CT-6,"H2O,SCR"
65373,CT-7,"H2O,SCR"
65373,CT-8,"H2O,SCR"
52176,1,STM
52176,2,DLNB
7762,HRSG1,DLNB
7762,HRSG2,DLNB
58378,CTHRSG,"DLNB,SCR"
3460,CBY1,SCR
3460,CBY2,SCR
56806,CBY41,"DLNB,SCR"
56806,CBY42,"DLNB,SCR"
60460,CT1,"H2O,SCR"
60460,CT2,"H2O,SCR"
55299,CTG1,SCR
55299,CTG2,SCR
55299,CTG3,SCR
55187,CHV1,SCR
55187,CHV2,SCR
55187,CHV3,SCR
55187,CHV4,SCR
6178,1,LNC3
56350,CT-4A,SCR
56350,CT-4B,SCR
56350,CT1A,"DLNB,SCR"
56350,CT1B,"DLNB,SCR"
56350,CT2A,"DLNB,SCR"
56350,CT2B,"DLNB,SCR"
60122,CT7,"NH3,SCR"
60122,CT8,"NH3,SCR"
9,CTG-1,H2O
55206,CU1,DLNB
55206,CU2,DLNB
55358,CT1,"DLNB,SCR"
55358,CT2,"DLNB,SCR"
55358,CT3,"DLNB,SCR"
55358,CT4,"DLNB,SCR"
3548,GT-1A,H2O
3548,GT-1B,H2O
3548,GT-2A,H2O
3548,GT-2B,H2O
3548,GT-3A,H2O
3548,GT-3B,H2O
3548,GT-4A,H2O
3548,GT-4B,H2O
8063,CT1,H2O
8063,CT2,H2O
8063,CT3,H2O
8063,CT4,H2O
55464,CTG1,"DLNB,SCR"
55464,CTG2,"DLNB,SCR"
55464,CTG3,"DLNB,SCR"
55464,CTG4,"DLNB,SCR"
55464,CTG5,"DLNB,SCR"
55176,1,DLNB
55176,2,DLNB
58471,CT-1,DLNB
58471,CT-2,DLNB
55223,GT-1,SCR
50625,61STK1,"DLNB,SCR"
50625,61STK2,"DLNB,SCR"
50625,61STK3,"DLNB,SCR"
55480,U1,DLNB
55480,U2,DLNB
55480,U3,DLNB
55480,U4,DLNB
55480,U5,DLNB
55480,U6,DLNB
56152,CTG1,
55226,GT1,DLNB
55226,GT2,DLNB
55226,GT3,DLNB
55226,GT4,DLNB
55098,1,DLNB
55098,2,DLNB
3490,1,CM
3490,2,"CM,OFA"
3464,GBY73,H2O
3464,GBY74,H2O
3464,GBY81,H2O
3464,GBY82,H2O
3464,GBY83,H2O
3464,GBY84,H2O
55086,101,DLNB
55086,102,DLNB
55153,CTG-1,DLNB
55153,CTG-2,DLNB
55153,CTG-3,DLNB
55153,CTG-4,DLNB
136,1,"LNBO,SCR"
63335,CT-1,"H2O,SCR"
63335,CT-2,"H2O,SCR"
63335,CT-3,"H2O,SCR"
63335,CT-4,"H2O,SCR"
63335,CT-5,"H2O,SCR"
63335,CT-6,"H2O,SCR"
63335,CT-7,"H2O,SCR"
63335,CT-8,"H2O,SCR"
3491,3,"CM,SCR"
3491,4,SCR
3491,5,SCR
56604,HCCT1,DLNB
56604,HCCT2,DLNB
6193,061B,"LNC2,OFA"
6193,062B,"LNC3,OFA"
6193,063B,"LNC3,OFA"
55664,GT-1,"DLNB,SCR"
55664,GT-2,"DLNB,SCR"
55144,STK1,SCR
55144,STK2,SCR
55144,STK3,SCR
55144,STK4,SCR
136,2,"LNBO,SCR"
6823,W1,"LNB,SCR"
3604,GT1,SCR
55230,CT-1,"DLNB,NH3,SCR"
55230,CT-2,"DLNB,NH3,SCR"
55230,CT-3,"DLNB,NH3,SCR"
55230,CT-4,"DLNB,NH3,SCR"
54817,EAST,SCR
3482,151B,OFA
3482,152B,LNC2
3482,153T,DLNB
3482,154T,DLNB
3476,5,
55365,GT-1,DLNB
55365,GT-2,DLNB
55365,GT-3,DLNB
55365,GT-4,DLNB
3452,1,CM
3452,2,"LNBO,SCR"
55097,1,DLNB
55097,2,DLNB
55097,3,DLNB
55097,4,DLNB
3439,4,"H2O,SCR"
3439,5,"H2O,SCR"
3609,CGT1,SCR
3609,CGT2,SCR
3609,CGT3,SCR
3609,CGT4,SCR
3457,1,SCR
3457,2,SCR
1355,3,"LNC3,SCR"
1356,1,"LNC2,SCR"
55154,1,SCR
55154,2,SCR
55123,CTG-1,SCR
55123,CTG-2,SCR
65372,CT-1,"H2O,SCR"
65372,CT-2,"H2O,SCR"
65372,CT-3,"H2O,SCR"
65372,CT-4,"H2O,SCR"
65372,CT-5,"H2O,SCR"
65372,CT-6,"H2O,SCR"
1356,2,LNC3
1356,3,"LNBO,SCR"
1356,4,"LNBO,SCR"
55091,STK1,"DLNB,H2O,SCR"
55091,STK2,"DLNB,H2O,SCR"
55091,STK3,"DLNB,H2O,SCR"
55091,STK4,"DLNB,SCR"
55091,STK5,"DLNB,SCR"
55091,STK6,"DLNB,SCR"
58562,GT-1,SCR
58562,GT-2,SCR
58562,GT-3,SCR
58562,GT-4,SCR
60925,CT1,"DLNB,SCR"
60925,CT2,"DLNB,SCR"
3492,CT1,H2O
3492,CT2,H2O
3492,CT3,H2O
3492,CT4,H2O
3492,CT5,H2O
3492,CT6,H2O
3453,6,"CM,LNB"
3453,7,"CM,LNB"
3453,8,SCR
55065,1,DLNB
55065,2,DLNB
56326,GEN1,DLNB
56326,GEN2,DLNB
56326,GEN3,DLNB
55122,N-20A,
55122,N-20B,
60910,1GT,
55708,BFB-1,SNCR
50137,1,STM
3456,**4,H2O
3456,**5,H2O
3456,1,
3456,2,
3456,3,
3456,GT-6A,DLNB
3456,GT-6B,DLNB
3484,141B,OFA
3484,142B,OFA
3484,143B,OFA
3441,8,SCR
3441,9,SCR
3611,1,
3611,2,
6041,1,"LNB,SCR"
6041,2,"LNC1,SCR"
55215,GT1,DLNB
55215,GT2,DLNB
55215,GT3,DLNB
55215,GT4,DLNB
50815,ENG101,DLNB
50815,ENG201,DLNB
50815,ENG301,DLNB
50815,ENG401,DLNB
50815,ENG501,DLNB
50815,ENG601,DLNB
1364,1,LNC2
54676,GT81,
54676,GT82,
54676,GT83,
50109,HRSG1,STM
50109,HRSG2,STM
55047,CG-1,"DLNB,SCR"
55047,CG-2,"DLNB,SCR"
55047,CG-3,"DLNB,SCR"
3494,CT1,H2O
3494,CT2,H2O
3494,CT3,H2O
3494,CT4,H2O
3494,CT5,H2O
3485,111B,
3485,112B,
3485,114B,OFA
60459,CT1,"H2O,SCR"
60459,CT2,"H2O,SCR"
54748,GT1,
10154,1,
10154,2,
4195,2,
4195,3,
56349,CT1A,"DLNB,SCR"
56349,CT1B,"DLNB,SCR"
56349,CT2A,"DLNB,SCR"
56349,CT2B,"DLNB,SCR"
3628,**4,H2O
3628,**5,H2O
3628,1,
3628,2,
3628,3,CM
3576,BW2,OFA
3576,BW3,LNBO
3576,CE1,LNC2
3576,GE4,DLNB
58005,CTG1,"DLNB,SCR"
58005,CTG2,"DLNB,SCR"
55137,CTG-1,DLNB
55137,CTG-2,DLNB
55137,CTG-3,DLNB
6243,1,OFA
6243,2,"H2O,SCR"
6243,3,"H2O,SCR"
62548,CT1,SCR
62548,CT2,SCR
55120,CTG-1,"DLNB,SCR"
55120,CTG-2,"DLNB,SCR"
3459,1,
3459,3,LNC2
3459,4,CM
3459,5,LNC1
3631,CT7,"DLNB,SCR"
3631,CT8,"DLNB,SCR"
3631,CT9,"DLNB,SCR"
1364,2,LNC2
1364,3,"LNB,SCR"
1364,4,"LNB,SCR"
56603,SJCCT1,DLNB
56603,SJCCT2,DLNB
7325,SJS1,"DLNB,H2O"
7325,SJS2,"DLNB,H2O"
6071,1,"LNC1,SCR"
7900,SH1,"H2O,SCR"
7900,SH2,"H2O,SCR"
7900,SH3,"H2O,SCR"
7900,SH4,"H2O,SCR"
7900,SH5,"DLNB,SCR"
7900,SH6,"H2O,SCR"
7900,SH7,"H2O,SCR"
6071,2,SCR
3559,10,SCR
3559,9,DLNB
3601,1,"O,OFA"
3601,2,"O,OFA"
3601,3,"CM,OFA"
55470,EPN801,"DLNB,SCR"
55470,EPN802,"DLNB,SCR"
55470,EPN803,"DLNB,SCR"
4266,4,LNB
4266,5,LNB
3504,1,LNB
3504,2,LNC2
55015,1,DLNB
55015,2,DLNB
55015,3,DLNB
55015,4,DLNB
4937,CT-1,"DLNB,NH3,SCR"
4937,CT-2,"DLNB,NH3,SCR"
3469,THW31,CM
3469,THW32,CM
3469,THW33,
3469,THW34,
3469,THW41,
3469,THW42,
3469,THW43,
3469,THW44,CM
3469,THW51,H2O
3469,THW52,H2O
3469,THW53,H2O
3469,THW54,H2O
3469,THW55,H2O
3469,THW56,H2O
60468,CT-1,"H2O,SCR"
58001,CTG1,"DLNB,SCR"
58001,CTG2,"DLNB,SCR"
58001,CTG3,"DLNB,SCR"
58001,CTG4,"DLNB,SCR"
55062,1,DLNB
55062,2,DLNB
55062,3,DLNB
55132,OGTDB1,DLNB
55132,OGTDB2,DLNB
55132,OGTDB3,DLNB
52088,GT-A,STM
52088,GT-B,DLNB
52088,GT-C,DLNB
6194,171B,"LNC2,OFA"
6194,172B,"LNC2,OFA"
63688,CT-1,"H2O,SCR"
63688,CT-10,"H2O,SCR"
63688,CT-2,"H2O,SCR"
63688,CT-3,"H2O,SCR"
63688,CT-4,"H2O,SCR"
63688,CT-5,"H2O,SCR"
63688,CT-6,"H2O,SCR"
63688,CT-7,"H2O,SCR"
63688,CT-8,"H2O,SCR"
63688,CT-9,"H2O,SCR"
3507,9,
6073,1,
8042,1,"LNCB,OFA,SCR"
3612,1,
3612,2,
3612,3,
3612,CGT5,SCR
3612,CGT6,SCR
3612,CGT7,SCR
3612,CGT8,SCR
3612,CT01,"DLNB,SCR"
3612,CT02,"DLNB,SCR"
61241,CT1,"NH3,SCR"
61241,CT2,"NH3,SCR"
61242,CT1,"NH3,SCR"
61242,CT2,"NH3,SCR"
61966,CT1,SCR
61966,CT2,SCR
3443,9,"DLNB,SCR"
3470,WAP1,OFA
3470,WAP2,OFA
3470,WAP3,OFA
3470,WAP4,OFA
3470,WAP5,SCR
3470,WAP6,SCR
3470,WAP7,SCR
8042,2,"LNCB,OFA,SCR"
6139,1,LNBO
6139,3,LNBO
3478,1,CM
3478,2,LNB
3478,3,LNB
56674,1,SCR
56674,2,SCR
56674,3,SCR
56674,4,SCR
55320,GT-1,"DLNB,SCR"
55320,GT-2,"DLNB,SCR"
55139,CTG1,SCR
55139,CTG2,SCR
59812,CGT4,"NH3,SCR"
59812,CGT5,"NH3,SCR"
1122,7,LNC1
1122,8,LNBO
1104,1,"LNC3,OFA"
6463,GT2,H2O
1217,1,LNB
1217,2,"DLNB,H2O"
6063,1,
6063,2,H2O
6063,3,H2O
8031,11,"DLNB,H2O,NH3,SCR"
8031,12,"DLNB,H2O,NH3,SCR"
56013,U-1,H2O
56013,U-2,H2O
56013,U-3,H2O
2718,1,"LNC3,SNCR"
2718,5,"LNC3,SNCR"
7985,1,"DLNB,SCR"
7985,2,"DLNB,SCR"
2712,3A,"LNB,OFA,SCR"
7155,**1,H2O
7155,**2,H2O
2712,3B,"LNB,OFA,SCR"
1068,1A,
1068,1B,
1068,2A,
1068,2B,
1068,3A,
1068,3B,
58236,CT1,"DLNB,SCR"
58236,CT2,"DLNB,SCR"
1167,8,OFA
2712,4A,"LNB,OFA,SCR"
2712,4B,"LNB,OFA,SCR"
7145,1,H2O
7145,2,H2O
7145,3,H2O
1073,3,OFA
1073,4,LNBO
1131,7,
1206,1G,
1206,2G,
8029,1,
8029,2,
130,1,"LNBO,SCR"
130,2,"LNC1,SCR"
1268,14,DLNB
1230,1,
8037,CL1,
1271,4,
7013,4,
56502,EEC1,H2O
56502,EEC2,H2O
56502,EEC3,H2O
56502,EEC4,H2O
56502,EEC5,H2O
56502,EEC6,DLNB
56502,EEC7,DLNB
1233,4,
1336,S-2,
1336,S-4,
1336,S-5,H2O
1240,E1CT,
1240,E2CT,
1240,E3CT,
1235,3,
130,3,"LNC3,SCR"
1248,CT-1,
1248,CT-2,
1248,CT-3,
1248,CT-4,
130,4,"LNC3,SCR"
3297,WAT1,"LNB,SCR"
3297,WAT2,"LNB,SCR"
3298,WIL1,"LNC1,SCR"
6249,1,"LNBO,SCR"
6249,2,"OFA,SCR"
6249,3,SCR
1305,GT1,
1305,GT2,
1305,GT3,
7515,1,H2O
6064,CT4,"DLNB,H2O"
6249,4,SCR
7928,1,
1295,2,LNBO
1295,CT2,
1295,CT3,
1239,12,SCR
7929,1,O
7929,2,O
7929,3,O
7929,4,O
55234,CT1,DLNB
55234,CT2,DLNB
55234,CT3,DLNB
55234,CT4,DLNB
55234,CT5,DLNB
55234,CT6,DLNB
55234,CT7,DLNB
55234,CT8,DLNB
2122,GT1A,
2122,GT1B,
2122,GT2A,
2122,GT2B,
2123,6,
2123,7,
2123,8,
55447,CT01,DLNB
55447,CT02,DLNB
55447,CT03,DLNB
55447,CT04,DLNB
55178,CT-1,"DLNB,SCR"
55178,CT-2,"DLNB,SCR"
6223,1,H2O
6223,2,H2O
6223,3A,H2O
6223,3B,H2O
6223,4A,H2O
6223,4B,H2O
7749,1,DLNB
2082,CT01,
6074,1,
6074,2,
6074,3,
6074,4,
3396,1,SCR
2079,6,O
2079,7,O
2079,8,O
2079,9,SCR
2131,4A,H2O
2131,4B,H2O
7848,1,"DLNB,H2O"
7848,2,"DLNB,H2O"
7848,3,"DLNB,H2O"
3399,1,"LNCB,SCR"
3399,2,"LNCB,SCR"
2161,**GT1,H2O
2161,**GT2,H2O
6195,1,"O,SCR"
963,33,SCR
6195,CT1A,H2O
6195,CT1B,H2O
6195,CT2A,H2O
6195,CT2B,H2O
2103,1,LNC3
2103,2,LNC3
2103,3,LNC3
2103,4,LNC3
2098,6,OFA
2098,GT5,
7903,MGS1A,H2O
7903,MGS1B,H2O
7903,MGS2A,H2O
7903,MGS2B,H2O
2104,1,LNC2
2104,2,LNC2
2104,3,LNBO
2104,4,LNBO
2104,CT2A,H2O
2104,CT2B,H2O
6650,CT01,
6651,CT01,
6652,CT01,
2167,1,"OFA,SCR"
2167,2,"OFA,SCR"
7754,1,DLNB
7754,2,DLNB
2081,11,
2081,12,
2081,13,
2081,14,
2081,15,
2081,16,
2081,17,
2081,18,
7964,CT1A,H2O
7964,CT1B,H2O
7964,CT2A,H2O
7964,CT2B,H2O
7964,CT3A,H2O
7964,CT3B,H2O
7964,CT4A,H2O
7964,CT4B,H2O
2092,3,H2O
6155,1,LNC3
6155,2,LNC3
6768,1,LNB
963,4,SCR
1001,1,"LNC2,SCR"
56151,1,
56151,2,
56151,3,
7604,1,"DLNB,SCR"
7604,2,"DLNB,SCR"
7296,1,"DLNB,H2O"
7296,1-Feb,SCR
7296,2-Feb,SCR
2168,MB1,"OFA,SCR"
2168,MB2,"OFA,SCR"
2168,MB3,"LNB,OFA,SCR"
8000,1,"DLNB,SCR"
8000,2,"DLNB,SCR"
2241,GT-2,"DLNB,H2O"
2241,GT-3,"DLNB,H2O"
2226,1,
55972,CT1,DLNB
55972,CT2,DLNB
6077,1,LNBO
6077,2,LNBO
60,1,OFA
1001,2,"LNC2,SCR"
2265,1A,
2265,1B,
2266,1A,
2266,1B,
2250,1,H2O
2290,1,
2290,2,
2240,50T,"DLNB,H2O"
1012,2,"LNB,SCR"
2271,1A,
2271,1B,
6096,1,LNBO
1012,3,"LNB,SCR"
2291,1,
2291,2,LNC1
2291,3,LNC1
2291,4,
2291,5,LNB
6113,1,"LNBO,SCR"
6373,1,H2O
6373,2,"DLNB,H2O"
6373,3,"DLNB,H2O"
2292,1,
2292,2,
2292,CT3,"DLNB,H2O"
2292,CT4A,H2O
2292,CT4B,H2O
2292,CT5A,H2O
2292,CT5B,H2O
2277,1,OFA
2277,2,OFA
7887,SVGS2,"H2O,SCR"
7887,SVGS3,"H2O,SCR"
7887,SVGS4,"H2O,SCR"
55200,CT5,SCR
55200,CT6,SCR
55645,CT-01,"DLNB,H2O"
55645,CT-02,"DLNB,H2O"
10682,GT2,H2O
10682,GT4,H2O
10682,GT5,H2O
469,4,LNC3
469,5,SCR
469,6,SCR
6113,2,"LNBO,SCR"
6113,3,"LNBO,SCR"
6113,4,"LNBO,SCR"
6113,5,"LNBO,SCR"
990,70,"CM,SCR"
6112,2,DLNB
6112,3,DLNB
6112,4,SCR
6112,5,DLNB
6112,6,DLNB
55453,1,H2O
55453,2,H2O
55453,3,H2O
55453,4,H2O
55453,5,H2O
55453,6,H2O
55505,BR1,"DLNB,H2O"
55505,BR2,"DLNB,H2O"
55283,1,DLNB
55283,2,DLNB
994,3,"LNC1,SCR"
994,4,"LNC1,LNC3"
50707,S001,STM
50707,S002,STM
50707,S003,STM
50707,S004,STM
50707,S005,STM
55504,L1,"DLNB,H2O"
55504,L2,"DLNB,H2O"
55127,CT1,DLNB
55127,CT2,DLNB
492,A1,DLNB
492,A2,DLNB
492,A3,DLNB
492,A4,DLNB
492,A5,DLNB
492,A6,DLNB
6213,1SG1,"LNBO,SCR"
56998,CT01,"H2O,SCR"
56998,CT02,"H2O,SCR"
56998,CT04,"H2O,SCR"
56998,CT05,"H2O,SCR"
56998,CT06,"H2O,SCR"
56998,CT07,"H2O,SCR"
56998,CT08,SCR
6213,2SG1,"LNBO,SCR"
6761,A,DLNB
6761,B,DLNB
6761,C,DLNB
6761,D,DLNB
6761,F,DLNB
6085,17,LNC3
8219,2,DLNB
8219,3,DLNB
55835,1,"DLNB,SCR"
55835,2,"DLNB,SCR"
56445,CT-01,"DLNB,H2O"
56445,CT-02,"DLNB,H2O"
55207,CT7,H2O
55207,CT8,H2O
6085,18,LNC3
1733,1,"LNCB,SCR"
10784,CBLR,
56606,CT01,H2O
56908,1A,"H2O,SCR"
56908,1B,"H2O,SCR"
56908,2A,"H2O,SCR"
56908,2B,"H2O,SCR"
56908,3A,"H2O,SCR"
56908,3B,"H2O,SCR"
2176,GT-2,DLNB
1733,2,"LNCB,SCR"
50931,BLR1,
50931,BLR2,
1733,3,"LNCB,SCR"
1733,4,"LNCB,SCR"
1893,3,"LNC2,NH3,SCR"
6090,1,LNC3
6090,2,LNC3
2828,1,"LNCB,SCR"
2828,2,"LNCB,SCR"
57943,CT1,"DLNB,SCR"
57943,CT2,"DLNB,SCR"
57943,CT3,"DLNB,SCR"
57943,CT4,"DLNB,SCR"
57943,CT5,"DLNB,SCR"
57943,CT6,"DLNB,SCR"
2828,3,"LNB,SCR"
2832,7,"LNCB,SCR"
57881,CT1,"H2O,SCR"
57881,CT2,"H2O,SCR"
57881,CT3,"H2O,SCR"
2790,CT6,DLNB
2832,8,"LNB,LNCB,SCR"
3338,2A,H2O
3338,2B,H2O
7237,2,H2O
7237,3,H2O
7237,4,DLNB
61144,1,DLNB
56068,1,SCR
56610,1,SCR
56238,CT001,H2O
56238,CT002,H2O
3344,**2A,H2O
3344,**2B,H2O
55478,CT1,DLNB
56068,2,SCR
56102,CTG1A,SCR
56102,CTG1B,SCR
3648,1,LNB
3648,2,LNB
3648,3,
3648,4,"H2O,SCR"
3648,5,"H2O,SCR"
3648,6,"H2O,SCR"
4041,5,SCR
4041,6,SCR
4041,7,"LNC3,SCR"
4041,8,"LNC3,SCR"
7902,1,"LNB,LNBO"
7097,**1,LNC3
7097,**2,SCR
56237,CT01,SCR
56237,CT02,SCR
56237,CT03,SCR
56237,CT04,SCR
56253,MC-1,DLNB
56253,MC-2,"DLNB,SCR"
56177,U1,"DLNB,SCR"
298,LIM1,OFA
55622,U1,"H2O,SCR"
55622,U2,"H2O,SCR"
55622,U3,"H2O,SCR"
55622,U4,"H2O,SCR"
55622,U5,"H2O,SCR"
57703,CT01,"DLNB,SCR"
57703,CT02,"DLNB,SCR"
57703,CT03,"DLNB,SCR"
4158,BW41,
4158,BW42,
298,LIM2,OFA
6146,1,LNC2
6146,2,LNC2
6146,3,LNC2
6180,1,"LNC2,NH3,SCR"
6180,2,"LNB,NH3,SCR"
127,1,LNB
6179,1,LNC3
6179,2,LNC3
6179,3,LNC3
6183,SM-1,"LNB,OFA"
1167,9,OFA
4162,3,LNC2
6068,1,"LNC3,SCR"
7504,CT1,DLNB
55477,CT2,DLNB
6068,2,"LNC3,SNCR"
6068,3,"LNC3,SNCR"
1241,1,"OFA,SCR"
1241,2,"LNB,LNBO,OFA,SCR"
118,CT3,DLNB
117,CC4,DLNB
117,CC5A,"DLNB,SCR"
117,CC5B,"DLNB,SCR"
141,1,
141,2,
141,3,
141,7,"H2O,SCR"
141,8,"H2O,SCR"
160,1,
1250,4,LNC3
1250,5,LNC3
160,4,"H2O,SCR"
55282,CTG1,"DLNB,SCR"
55282,CTG2,"DLNB,SCR"
56482,1,H2O
56482,2,H2O
2107,1,"O,OFA"
2107,2,"O,OFA"
56948,CT01,"H2O,SCR"
56948,CT02,"H2O,SCR"
56948,CT03,"H2O,SCR"
56948,CT04,"H2O,SCR"
56948,CT05,"H2O,SCR"
56948,CT06,"H2O,SCR"
56948,CT07,"H2O,SCR"
56948,CT08,"H2O,SCR"
56948,CT09,"H2O,SCR"
56948,CT10,"H2O,SCR"
56948,CT11,"H2O,SCR"
56948,CT12,"H2O,SCR"
2240,8,LNB
6021,C1,LNBO
124,GT1,DLNB
55129,DBG1,SCR
55129,DBG2,SCR
55129,DBG4,"H2O,SCR"
55129,DBG5,"H2O,SCR"
55306,1CTGA,"DLNB,SCR"
55306,1CTGB,"DLNB,SCR"
55306,2CTGA,"DLNB,SCR"
55306,2CTGB,"DLNB,SCR"
55306,3CTGA,"DLNB,SCR"
55306,3CTGB,"DLNB,SCR"
55306,4CTGA,"DLNB,SCR"
55306,4CTGB,"DLNB,SCR"
55124,P1,"DLNB,SCR"
55124,P2,"DLNB,SCR"
126,3,
126,4,LNBO
147,K-7,"DLNB,SCR"
55481,1,"DLNB,SCR"
55481,2,"DLNB,SCR"
55481,5,"DLNB,SCR"
55481,6,"DLNB,SCR"
55372,CTG1,"DLNB,SCR"
55372,CTG2,"DLNB,SCR"
55372,CTG3,"DLNB,SCR"
116,GT3,"H2O,SCR"
116,GT4,"H2O,SCR"
116,GT5,"H2O,SCR"
116,GT6,"H2O,SCR"
116,GT7,"H2O,SCR"
55455,CC1A,"DLNB,SCR"
55455,CC1B,"DLNB,SCR"
55455,CC2A,"DLNB,SCR"
55455,CC2B,"DLNB,SCR"
8068,5A,"DLNB,SCR"
8068,5B,"DLNB,SCR"
8068,6A,"DLNB,SCR"
55177,A,"DLNB,SCR"
55177,B,"DLNB,SCR"
6021,C2,"LNBO,SCR"
7790,1-Jan,LNB
6481,1SGA,LNB
6481,2SGA,LNB
55522,CT01,"H2O,SCR"
55522,CT02,"H2O,SCR"
55522,CT03,"H2O,SCR"
55522,CT04,"H2O,SCR"
55522,CT05,"H2O,SCR"
55522,CT06,"H2O,SCR"
55522,CT07,"H2O,SCR"
55522,CT08,"H2O,SCR"
55522,CT09,"H2O,SCR"
55522,CT10,"H2O,SCR"
120,1,
120,CT5,SCR
120,CT6,SCR
54694,4101,STM
315,3,
315,4,
315,5,
315,CT1,"DLNB,SCR"
315,CT2,"DLNB,SCR"
335,2,
335,CT1,"DLNB,SCR"
335,CT2,"DLNB,SCR"
356,5,
356,6,
356,8,
55951,AMP-1,"H2O,SCR"
57564,8,"H2O,SCR"
7315,1,"SCR,STM"
7315,2,"H2O,SCR"
7315,3,"H2O,SCR"
7315,4,"H2O,SCR"
10650,GT1,SCR
56474,CT1,"DLNB,H2O,SCR"
10649,GT1,SCR
55295,1,SCR
55295,2,SCR
302,10,"H2O,SCR"
302,6,"H2O,SCR"
302,7,"H2O,SCR"
302,8,"H2O,SCR"
302,9,"H2O,SCR"
55510,GT-1,"DLNB,NH3,SCR"
55510,GT-2,
55513,GT-1,"DLNB,NH3,SCR"
55513,GT-2,
55508,GT-1,"DLNB,NH3,SCR"
55508,GT-2,
55499,GT-1,"DLNB,NH3,SCR"
55499,GT-2,
10034,S-100,DLNB
55112,CT01,"DLNB,SCR"
55112,CT02,"DLNB,SCR"
7552,1,SCR
57027,1,"H2O,NH3"
57027,2,"H2O,NH3"
57027,3,"H2O,NH3"
57027,4,"H2O,NH3"
10169,D1,"H2O,SCR"
7527,1,"H2O,SCR"
7527,2,"H2O,SCR"
56475,CT1,DLNB
55540,1A,"DLNB,H2O,SCR"
55540,1B,"DLNB,H2O,SCR"
56532,CT1,"DLNB,SCR"
56532,CT2,"DLNB,SCR"
55970,2,"DLNB,SCR"
55970,3,"DLNB,SCR"
55625,UNIT1,"NH3,SCR"
55512,GT-1,"DLNB,NH3,SCR"
55512,GT-2,
50951,1,
58122,GEN1,"H2O,SCR"
55333,1,NH3
55333,2,NH3
55333,3,NH3
56026,PCT1,"DLNB,H2O,SCR"
56026,PCT2,"DLNB,H2O,SCR"
10776,GTG,SCR
57001,1,"H2O,SCR"
389,2-Feb,SCR
389,1-Mar,"DLNB,SCR"
389,2-Mar,"DLNB,SCR"
389,4,SCR
330,5,"DLNB,SCR"
330,7,"DLNB,SCR"
55400,CTG-1,"DLNB,SCR"
55400,CTG-2,"DLNB,SCR"
55538,CTG1,H2O
55847,UNIT1,"H2O,SCR"
10156,GEN1,"H2O,SCR"
56476,GT1,"DLNB,SCR"
56476,GT2,"DLNB,SCR"
55810,S-3,"H2O,NH3,SCR"
55810,S-4,"H2O,NH3,SCR"
55810,S-5,"H2O,NH3,SCR"
422,GT3,SCR
422,GT4,SCR
422,GT5,"H2O,SCR"
54749,1,"H2O,SCR"
55627,UNIT1,"H2O,NH3,SCR"
56472,CT1,DLNB
377,4,LNB
377,5,O
377,9,SCR
10350,CTGA,"H2O,SCR"
10350,CTGB,"H2O,SCR"
55698,HEP1,"H2O,SCR"
55698,HEP2,"H2O,SCR"
399,**10A,SCR
399,**10B,SCR
399,10,SCR
399,11,SCR
399,12,SCR
399,13,SCR
399,14,SCR
400,1,SCR
400,10,"DLNB,SCR"
400,11,"H2O,SCR"
400,12,"H2O,SCR"
400,13,"H2O,SCR"
400,14,"H2O,SCR"
400,15,"H2O,SCR"
400,16,"H2O,SCR"
400,2,SCR
400,9,"DLNB,SCR"
55807,HPP1,"H2O,SCR"
55807,HPP2,"H2O,SCR"
55518,CTG1,SCR
55518,CTG2,SCR
55518,CTG3,SCR
55541,1,"H2O,SCR"
55541,2,SCR
55541,3,SCR
57074,BLR1,
57073,BLR1,
57075,BLR1,
10294,2,"DLNB,H2O,NH3,SCR"
10294,GTG,"DLNB,SCR"
10405,1,SCR
55151,CTG-1,"DLNB,SCR"
55151,CTG-2,"DLNB,SCR"
55151,CTG-3,"DLNB,SCR"
55151,CTG-4,"DLNB,SCR"
7987,1,"H2O,SCR"
55626,UNIT1,"NH3,SCR"
55542,1,SCR
55542,2,SCR
54768,GT1,SCR
57978,CT1,SCR
341,1,"H2O,SCR"
341,2,"H2O,SCR"
341,3,"H2O,SCR"
341,4,"H2O,SCR"
55748,CTG1,"H2O,SCR"
55748,CTG2,"H2O,SCR"
55748,CTG3,"H2O,SCR"
55748,CTG4,"H2O,SCR"
55217,X724,SCR
55217,X725,SCR
56046,1,"DLNB,SCR"
56239,GT-1,SCR
56239,GT-2,SCR
56041,M1,"DLNB,SCR"
56041,M2,"DLNB,SCR"
57483,GT-1,SCR
57483,GT-2,SCR
57483,GT-3,SCR
57483,GT-4,SCR
57267,1,"DLNB,SCR"
57267,2,"DLNB,SCR"
57267,3,"DLNB,SCR"
57267,4,"DLNB,SCR"
56471,CT1,"DLNB,SCR"
50612,GT1,SCR
55393,1,"DLNB,SCR"
55393,2,"DLNB,SCR"
56639,1,"H2O,NH3,SCR"
56639,2,"H2O,NH3,SCR"
56473,CT1,"DLNB,H2O,SCR"
56232,1,"H2O,SCR"
56232,2,"H2O,SCR"
260,1A,"DLNB,SCR"
260,2A,"DLNB,SCR"
260,3A,"DLNB,SCR"
260,4A,"DLNB,SCR"
358,1-Mar,"DLNB,NH3,SCR"
358,2-Mar,"DLNB,NH3,SCR"
358,1-Apr,"DLNB,NH3,SCR"
358,2-Apr,"DLNB,NH3,SCR"
7449,NA1,SCR
56569,1,"DLNB,SCR"
56569,2,"DLNB,SCR"
6013,1,"LNB,SCR"
6013,2,"CM,SCR"
56914,CTG1,"H2O,NH3,SCR"
56914,CTG2,"H2O,NH3,SCR"
350,1,SCR
350,2,SCR
55345,CTG-1,"DLNB,SCR"
55345,CTG-2,"DLNB,SCR"
55985,CTG1,"DLNB,SCR"
55985,CTG2,"DLNB,SCR"
56803,1,"H2O,SCR"
56803,2,"H2O,SCR"
56803,3,"H2O,SCR"
56803,4,"H2O,SCR"
55656,CT001,"DLNB,SCR"
55656,CT002,"DLNB,SCR"
55656,CT004,"DLNB,SCR"
57555,CTG1,"H2O,SCR"
57555,CTG2,"H2O,SCR"
57555,CTG3,"H2O,SCR"
7551,1A,SCR
7551,1B,SCR
7551,1C,SCR
7307,5,O
7307,6,O
56135,1,"H2O,SCR"
56135,2,"H2O,SCR"
56143,1,"H2O,SCR"
56143,2,"H2O,SCR"
56143,3,"H2O,SCR"
56143,4,"H2O,SCR"
55963,1,"NH3,SCR"
56298,CT001,"DLNB,SCR"
56298,CT002,"DLNB,SCR"
56298,CT005,"H2O,SCR"
56298,CT006,"H2O,SCR"
56467,CT1,"DLNB,SCR"
56467,CT2,"DLNB,SCR"
50865,1,"DLNB,SCR"
404,1,SCR
404,2,SCR
404,4,SCR
404,6,"H2O,SCR"
404,7,"H2O,SCR"
57482,1,"H2O,SCR"
57482,2,"H2O,SCR"
57482,3,"H2O,SCR"
57482,4,"H2O,SCR"
57482,5,"H2O,SCR"
57482,6,"H2O,SCR"
57482,7,"H2O,SCR"
57482,8,"H2O,SCR"
60698,D1,"H2O,SCR"
60698,D7,"H2O,SCR"
55182,CTG1,"DLNB,SCR"
55182,CTG2,"DLNB,SCR"
55933,TPP1,"DLNB,SCR"
55933,TPP2,"DLNB,SCR"
408,5,SCR
408,6,"DLNB,SCR"
408,7,"DLNB,SCR"
57515,GT1,"H2O,SCR"
57515,GT2,"H2O,SCR"
57515,GT3,"H2O,SCR"
57515,GT4,"H2O,SCR"
57515,GT5,"H2O,SCR"
56078,1,"DLNB,NH3,SCR"
56078,2,"DLNB,NH3,SCR"
55855,UNIT1,"H2O,NH3,SCR"
7266,1,"H2O,SCR,STM"
7266,2,"H2O,SCR"
10349,2,"H2O,SCR"
764,16,
764,17,
765,1,
765,2,
765,3,
765,4,
765,5,
765,6,
766,3,
766,4,
766,5,
766,6,
766,7,
766,8,
55514,CTG01,"DLNB,SCR"
55514,CTG02,"DLNB,SCR"
55322,CTG-1,"DLNB,SCR"
55322,CTG-2,"DLNB,SCR"
55322,CTG-3,"DLNB,SCR"
55322,CTG-4,"DLNB,SCR"
2322,11A,SCR
2322,11B,SCR
2322,12A,SCR
2322,12B,SCR
2322,13A,SCR
2322,13B,SCR
2322,14A,SCR
2322,14B,SCR
2322,15A,SCR
2322,15B,SCR
2322,16A,SCR
2322,16B,SCR
2322,17A,SCR
2322,17B,SCR
2322,18A,SCR
2322,18B,SCR
2322,19A,SCR
2322,19B,SCR
2322,20A,SCR
2322,20B,SCR
2322,21A,SCR
2322,21B,SCR
2322,22A,SCR
2322,22B,SCR
55077,EDE1,SCR
55077,EDE2,SCR
2330,1,LNBO
2330,2,
7082,**3,"DLNB,H2O"
7082,**4,DLNB
7082,**5,"DLNB,SCR"
7082,**6,"DLNB,SCR"
10761,1,SCR
10761,2,SCR
10761,3,SCR
10761,4,SCR
10761,5,SCR
8224,1,LNB
6204,1,"LNB,OFA,SCR"
54271,A01,"SCR,STM"
54271,A02,"SCR,STM"
55841,A01,"DLNB,SCR"
55841,A03,"DLNB,SCR"
54854,3,H2O
54854,4,H2O
54854,5,H2O
6204,2,"LNB,OFA,SNCR"
2336,3,
2336,4,DLNB
2336,5,DLNB
2336,6,O
2336,8,"DLNB,SCR"
2336,9,"DLNB,SCR"
55687,BHG1,DLNB
55687,BHG2,DLNB
6177,U1B,LNBO
6177,U2B,"LNBO,SCR"
55733,CT01,DLNB
7953,CT1,DLNB
7953,CT2,DLNB
7953,CT3,DLNB
57028,CT1,"DLNB,SCR"
7456,1,DLNB
7456,2,DLNB
55179,CTGEN1,"DLNB,SCR"
58503,CTEU1,"DLNB,SCR"
7350,CTG1,"DLNB,H2O,SCR"
7350,CTG2,"DLNB,SCR"
54761,1,SCR
54761,2,SCR
55328,CTG-1,"DLNB,SCR"
55328,CTG-2,"DLNB,SCR"
55103,CT1,SCR
55103,CT2,SCR
55544,GT1,H2O
55544,GT2,H2O
55544,GT3,H2O
55544,GT4,H2O
56227,PWEU1,"DLNB,SCR"
3845,BW22,LNC3
55662,CT1,"DLNB,H2O,SCR"
55662,CT2,"DLNB,H2O,SCR"
7870,CT1,"SCR,STM"
7870,CT2,"SCR,STM"
7870,CT3,"SCR,STM"
54537,CT-1A,"SCR,STM"
54537,CT-1B,"SCR,STM"
55818,F1CT,"DLNB,NH3,SCR"
607,CT3,"H2O,SCR"
607,CT4,"H2O,SCR"
55482,CT-1,"DLNB,SCR"
7999,1,"DLNB,SCR"
7999,2,"DLNB,SCR"
55700,CTG1,"DLNB,SCR"
7605,1,SCR
54476,CT-1,"SCR,STM"
