Plant Code,Assessment Area
2243,SPP
2244,SPP
2248,WECC-RMRG
2250,SPP
2260,SPP
2265,SPP
2266,SPP
2268,SPP
2271,SPP
2273,SPP
2274,SPP
2277,SPP
2278,SPP
2289,SPP
2290,SPP
2291,SPP
2292,SPP
2294,SPP
2302,WECC-RMRG
2310,SPP
2311,SPP
2312,SPP
2315,SPP
2322,WECC-NWPP-US
2324,WECC-NWPP-US
2330,WECC-NWPP-US
2336,WECC-NWPP-US
2349,NPCC-New England
2351,NPCC-New England
2352,NPCC-New England
2353,NPCC-New England
2354,NPCC-New England
2355,NPCC-New England
2356,NPCC-New England
2357,NPCC-New England
2358,NPCC-New England
2359,NPCC-New England
2360,NPCC-New England
2362,NPCC-New England
2364,NPCC-New England
2367,NPCC-New England
2368,NPCC-New England
2369,NPCC-New England
2378,PJM
2379,PJM
2388,PJM
2390,PJM
2393,PJM
2398,PJM
2399,PJM
2401,PJM
2403,PJM
2404,PJM
2406,PJM
2408,PJM
2410,PJM
2411,PJM
2434,PJM
2442,WECC-SRSG
2444,WECC-SRSG
2446,SPP
2450,WECC-SRSG
2451,WECC-SRSG
2453,SPP
2454,SPP
2465,WECC-RMRG
2475,WECC-SRSG
2480,NPCC-New York
2483,NPCC-New York
2485,NPCC-New York
2487,NPCC-New York
2490,NPCC-New York
2493,NPCC-New York
2494,NPCC-New York
2496,NPCC-New York
2497,NPCC-New York
2499,NPCC-New York
2500,NPCC-New York
2503,NPCC-New York
2504,NPCC-New York
2511,NPCC-New York
2512,NPCC-New York
2514,NPCC-New York
2516,NPCC-New York
2517,NPCC-New York
2518,NPCC-New York
2519,NPCC-New York
2520,NPCC-New York
2521,NPCC-New York
2522,NPCC-New York
2530,NPCC-New York
2532,NPCC-New York
2535,NPCC-New York
2539,NPCC-New York
2540,NPCC-New York
2542,NPCC-New York
2543,NPCC-New York
2544,NPCC-New York
2545,NPCC-New York
2546,NPCC-New York
2547,NPCC-New York
2548,NPCC-New York
1728,MISO
1729,MISO
1730,MISO
1733,MISO
1734,MISO
1735,MISO
1737,MISO
1739,MISO
1740,MISO
1741,MISO
1743,MISO
1744,MISO
1745,MISO
1746,MISO
1750,MISO
1751,MISO
1753,PJM
1754,PJM
1760,PJM
1761,PJM
1769,MISO
1771,MISO
1772,MISO
1774,MISO
1846,MISO
1865,MISO
1868,MISO
1888,MISO
1891,MISO
1892,MISO
1893,MISO
1894,MISO
1897,MISO
1901,MISO
1904,MISO
1910,MISO
1911,MISO
1912,MISO
1913,MISO
1914,MISO
1915,MISO
1915,WECC-NWPP-US
1922,MISO
1925,MISO
1926,MISO
1927,MISO
1934,MISO
1943,MISO
1961,MISO
1966,MISO
1973,MISO
1976,MISO
1989,MISO
1990,SPP
1995,SPP
1996,MISO
1997,MISO
1999,MISO
1999,WECC-NWPP-US
2001,MISO
2002,MISO
2003,MISO
2004,MISO
2005,MISO
2008,MISO
2009,MISO
2013,MISO
2020,MISO
2038,MISO
2039,MISO
2042,MISO
2050,MISO
2053,MISO
2062,MISO
2068,MISO
2070,MISO
2071,MISO
2076,SPP
2079,SPP
2080,SPP
2081,SPP
2082,MISO
2083,MISO
2090,SPP
2092,SPP
2094,SPP
2098,SPP
2102,MISO
2103,MISO
2104,MISO
2106,MISO
2107,MISO
2108,MISO
2121,SPP
2123,MISO
2124,SPP
2132,SPP
2134,SPP
2135,SPP
2136,SPP
2139,SPP
2161,SPP
2166,SPP
2171,SPP
2176,MISO
2177,MISO
2179,WECC-NWPP-US
2181,WECC-NWPP-US
2182,WECC-NWPP-US
2185,WECC-NWPP-US
2186,WECC-NWPP-US
2187,WECC-NWPP-US
2188,WECC-NWPP-US
2191,WECC-NWPP-US
2192,WECC-NWPP-US
2193,WECC-NWPP-US
2194,WECC-NWPP-US
2195,WECC-NWPP-US
2196,WECC-NWPP-US
2199,WECC-NWPP-US
2203,WECC-NWPP-US
2204,WECC-RMRG
2215,SPP
2223,SPP
2226,SPP
2227,SPP
2228,SPP
2229,SPP
2233,SPP
2235,SPP
2237,SPP
2238,SPP
2241,SPP
,FRCC
,MISO
,NPCC-Maritimes
,NPCC-New England
,NPCC-New York
,PJM
,SERC-E
,SERC-N
,SERC-SE
,SPP
,Texas RE-ERCOT
,WECC-CAMX
,WECC-NWPP-US
,WECC-SRSG
0,PJM
0,WECC-CAMX
0,WECC-RMRG
9,WECC-SRSG
10,SPP
34,WECC-CAMX
51,MISO
51,SPP
54,PJM
59,SPP
60,SPP
72,WECC-CAMX
87,WECC-SRSG
88,NPCC-New York
99,WECC-NWPP-US
100,WECC-SRSG
104,WECC-CAMX
108,SPP
113,WECC-SRSG
114,WECC-SRSG
116,WECC-SRSG
117,WECC-SRSG
118,WECC-SRSG
120,WECC-SRSG
124,WECC-SRSG
126,WECC-SRSG
127,SPP
127,Texas RE-ERCOT
136,FRCC
141,WECC-SRSG
143,WECC-SRSG
145,WECC-SRSG
147,WECC-SRSG
148,WECC-SRSG
149,SPP
149,WECC-SRSG
150,WECC-SRSG
151,WECC-NWPP-US
152,WECC-SRSG
153,WECC-RMRG
154,WECC-SRSG
155,WECC-SRSG
159,WECC-NWPP-US
160,WECC-SRSG
161,WECC-NWPP-US
162,WECC-NWPP-US
165,SPP
166,MISO
170,MISO
171,MISO
174,MISO
180,WECC-CAMX
182,SPP
187,MISO
188,SPP
195,SPP
196,SPP
197,MISO
198,SPP
199,SPP
201,SPP
202,MISO
203,MISO
204,MISO
207,FRCC
210,SPP
214,WECC-CAMX
215,WECC-CAMX
217,WECC-CAMX
218,WECC-CAMX
219,WECC-CAMX
220,WECC-CAMX
221,WECC-CAMX
222,WECC-CAMX
223,WECC-CAMX
224,WECC-CAMX
225,WECC-CAMX
227,WECC-CAMX
229,WECC-CAMX
231,WECC-CAMX
232,WECC-CAMX
233,WECC-CAMX
235,WECC-CAMX
236,WECC-CAMX
237,WECC-CAMX
239,WECC-CAMX
240,WECC-CAMX
241,WECC-CAMX
242,WECC-CAMX
243,WECC-CAMX
244,WECC-CAMX
246,WECC-CAMX
248,WECC-CAMX
249,WECC-CAMX
250,WECC-CAMX
253,WECC-CAMX
254,WECC-CAMX
255,WECC-CAMX
258,WECC-CAMX
260,WECC-CAMX
261,WECC-CAMX
262,WECC-CAMX
264,WECC-CAMX
265,WECC-CAMX
266,WECC-CAMX
267,WECC-CAMX
268,WECC-CAMX
269,WECC-CAMX
270,WECC-CAMX
271,WECC-CAMX
272,WECC-CAMX
274,WECC-CAMX
275,WECC-CAMX
276,WECC-CAMX
277,WECC-CAMX
279,WECC-CAMX
280,WECC-CAMX
281,WECC-CAMX
283,WECC-CAMX
284,WECC-CAMX
285,WECC-CAMX
286,WECC-CAMX
287,WECC-CAMX
289,WECC-CAMX
290,WECC-CAMX
291,WECC-CAMX
292,WECC-CAMX
294,WECC-NWPP-US
295,WECC-NWPP-US
296,WECC-NWPP-US
297,WECC-NWPP-US
298,Texas RE-ERCOT
299,WECC-NWPP-US
301,WECC-CAMX
302,WECC-CAMX
303,WECC-CAMX
305,WECC-CAMX
314,WECC-SRSG
315,WECC-CAMX
316,WECC-CAMX
317,WECC-CAMX
318,WECC-CAMX
319,WECC-CAMX
320,WECC-CAMX
321,WECC-CAMX
322,WECC-CAMX
328,WECC-CAMX
329,WECC-CAMX
330,WECC-CAMX
331,WECC-CAMX
332,WECC-CAMX
335,WECC-CAMX
339,WECC-CAMX
340,WECC-CAMX
342,WECC-CAMX
344,WECC-CAMX
345,WECC-CAMX
350,WECC-CAMX
353,WECC-CAMX
354,WECC-CAMX
355,WECC-RMRG
356,WECC-CAMX
357,WECC-CAMX
365,WECC-CAMX
371,WECC-NWPP-US
376,WECC-CAMX
377,WECC-CAMX
383,WECC-SRSG
384,PJM
385,WECC-SRSG
386,WECC-SRSG
387,WECC-SRSG
388,WECC-SRSG
389,WECC-SRSG
391,WECC-CAMX
392,WECC-CAMX
393,WECC-CAMX
394,WECC-CAMX
395,WECC-CAMX
396,WECC-CAMX
397,WECC-CAMX
398,WECC-CAMX
399,WECC-CAMX
400,WECC-CAMX
401,WECC-CAMX
402,WECC-CAMX
403,WECC-CAMX
404,WECC-CAMX
407,WECC-CAMX
408,WECC-CAMX
409,WECC-CAMX
410,WECC-CAMX
412,WECC-CAMX
413,WECC-CAMX
414,WECC-CAMX
415,WECC-CAMX
416,WECC-CAMX
417,WECC-CAMX
418,WECC-CAMX
419,WECC-CAMX
420,WECC-CAMX
422,WECC-CAMX
424,WECC-CAMX
425,WECC-CAMX
426,WECC-CAMX
427,WECC-CAMX
428,WECC-CAMX
430,WECC-NWPP-US
431,WECC-NWPP-US
432,WECC-NWPP-US
433,WECC-NWPP-US
435,WECC-NWPP-US
436,WECC-CAMX
439,WECC-NWPP-US
440,WECC-NWPP-US
441,WECC-NWPP-US
442,WECC-NWPP-US
443,WECC-NWPP-US
444,WECC-NWPP-US
445,WECC-NWPP-US
446,WECC-CAMX
447,WECC-SRSG
448,WECC-CAMX
450,WECC-NWPP-US
451,WECC-NWPP-US
454,WECC-CAMX
455,WECC-CAMX
460,WECC-RMRG
464,WECC-RMRG
467,WECC-RMRG
469,WECC-RMRG
470,WECC-RMRG
471,WECC-RMRG
472,WECC-RMRG
473,WECC-RMRG
474,WECC-RMRG
476,WECC-RMRG
477,WECC-RMRG
478,WECC-RMRG
479,WECC-CAMX
480,WECC-CAMX
481,WECC-CAMX
482,WECC-CAMX
483,WECC-CAMX
484,WECC-CAMX
487,WECC-CAMX
489,WECC-NWPP-US
490,WECC-RMRG
491,WECC-RMRG
492,WECC-RMRG
493,WECC-RMRG
494,WECC-RMRG
495,WECC-RMRG
499,WECC-NWPP-US
501,WECC-RMRG
502,WECC-RMRG
503,WECC-RMRG
504,WECC-RMRG
505,WECC-RMRG
506,WECC-RMRG
507,WECC-RMRG
508,WECC-RMRG
509,WECC-RMRG
510,WECC-CAMX
511,WECC-RMRG
512,WECC-RMRG
513,WECC-RMRG
514,WECC-RMRG
515,WECC-RMRG
516,WECC-RMRG
517,WECC-RMRG
518,WECC-RMRG
519,WECC-RMRG
520,WECC-RMRG
521,WECC-RMRG
522,WECC-NWPP-US
524,WECC-RMRG
525,WECC-RMRG
527,WECC-RMRG
531,WECC-CAMX
534,WECC-NWPP-US
535,WECC-NWPP-US
537,WECC-CAMX
539,NPCC-New England
540,NPCC-New England
541,NPCC-New England
542,NPCC-New England
544,NPCC-New England
546,NPCC-New England
547,NPCC-New England
550,WECC-NWPP-US
551,NPCC-New England
552,NPCC-New England
553,NPCC-New England
554,NPCC-New England
557,NPCC-New England
559,NPCC-New England
560,NPCC-New England
561,NPCC-New England
562,NPCC-New England
563,NPCC-New England
564,FRCC
565,NPCC-New England
566,NPCC-New England
568,NPCC-New England
581,NPCC-New England
584,WECC-RMRG
585,WECC-SRSG
586,WECC-SRSG
589,NPCC-New England
591,PJM
592,PJM
593,PJM
594,PJM
597,PJM
599,PJM
602,PJM
607,WECC-NWPP-US
612,FRCC
613,FRCC
617,FRCC
619,FRCC
620,FRCC
621,FRCC
622,WECC-NWPP-US
624,FRCC
625,NPCC-New York
626,WECC-CAMX
627,FRCC
628,FRCC
629,FRCC
630,FRCC
632,WECC-CAMX
634,FRCC
637,FRCC
638,FRCC
645,FRCC
663,FRCC
664,FRCC
665,FRCC
666,FRCC
667,FRCC
673,FRCC
674,WECC-RMRG
675,FRCC
676,FRCC
678,NPCC-New England
682,WECC-CAMX
683,FRCC
688,FRCC
689,FRCC
690,FRCC
692,WECC-RMRG
693,FRCC
696,FRCC
714,WECC-CAMX
745,WECC-CAMX
748,FRCC
751,WECC-CAMX
762,SPP
776,WECC-CAMX
785,SPP
788,NPCC-New England
790,WECC-NWPP-US
791,Texas RE-ERCOT
794,Texas RE-ERCOT
805,NPCC-New England
808,NPCC-New York
809,WECC-NWPP-US
810,WECC-NWPP-US
811,WECC-NWPP-US
812,WECC-NWPP-US
813,WECC-NWPP-US
814,WECC-NWPP-US
815,WECC-NWPP-US
816,WECC-NWPP-US
817,WECC-NWPP-US
818,WECC-NWPP-US
819,WECC-NWPP-US
820,WECC-NWPP-US
821,WECC-NWPP-US
822,WECC-NWPP-US
823,WECC-NWPP-US
825,WECC-NWPP-US
826,WECC-NWPP-US
827,WECC-NWPP-US
829,WECC-NWPP-US
830,WECC-NWPP-US
831,WECC-NWPP-US
832,WECC-NWPP-US
833,WECC-NWPP-US
835,WECC-NWPP-US
840,WECC-NWPP-US
841,WECC-NWPP-US
843,WECC-NWPP-US
844,WECC-NWPP-US
850,WECC-NWPP-US
851,WECC-NWPP-US
856,MISO
861,MISO
862,MISO
863,MISO
864,MISO
869,PJM
874,PJM
876,PJM
879,PJM
880,PJM
883,PJM
884,PJM
886,PJM
889,MISO
891,MISO
892,MISO
898,MISO
899,MISO
905,WECC-CAMX
913,MISO
917,WECC-NWPP-US
925,WECC-NWPP-US
941,MISO
956,FRCC
963,MISO
965,MISO
976,MISO
977,WECC-NWPP-US
981,SPP
986,PJM
987,WECC-NWPP-US
988,PJM
989,PJM
990,MISO
991,MISO
994,MISO
995,MISO
997,MISO
998,MISO
999,MISO
1001,MISO
1002,MISO
1004,MISO
1005,MISO
1006,MISO
1007,MISO
1008,MISO
1010,MISO
1011,MISO
1012,MISO
1013,MISO
1020,WECC-NWPP-US
1032,MISO
1043,MISO
1046,MISO
1047,MISO
1048,MISO
1060,MISO
1060,SPP
1068,MISO
1073,MISO
1077,MISO
1079,MISO
1081,MISO
1082,MISO
1082,SPP
1084,MISO
1091,MISO
1097,MISO
1098,FRCC
1102,WECC-NWPP-US
1104,MISO
1105,MISO
1109,MISO
1120,SPP
1121,SPP
1123,MISO
1125,SPP
1132,MISO
1137,SPP
1142,SPP
1145,SPP
1153,SPP
1156,MISO
1157,SPP
1160,SPP
1164,SPP
1166,MISO
1167,MISO
1168,SPP
1169,MISO
1181,SPP
1186,SPP
1187,MISO
1188,MISO
1191,SPP
1194,MISO
1198,SPP
1199,SPP
1200,MISO
1206,MISO
1217,SPP
1224,SPP
1225,SPP
1230,SPP
1233,SPP
1235,SPP
1239,SPP
1240,SPP
1241,SPP
1242,SPP
1248,SPP
1250,SPP
1252,SPP
1258,SPP
1261,SPP
1263,SPP
1266,SPP
1268,SPP
1270,SPP
1271,SPP
1274,SPP
1276,SPP
1280,SPP
1285,SPP
1294,SPP
1295,SPP
1296,SPP
1307,SPP
1308,SPP
1312,SPP
1321,SPP
1326,SPP
1330,SPP
1332,SPP
1336,SPP
1353,PJM
1381,MISO
1382,MISO
1383,MISO
1384,PJM
1385,PJM
1393,MISO
1394,MISO
1396,MISO
1400,MISO
1401,MISO
1402,MISO
1403,MISO
1404,MISO
1409,MISO
1416,SPP
1417,SPP
1439,MISO
1443,MISO
1449,MISO
1455,MISO
1464,MISO
1466,NPCC-New England
1468,NPCC-New England
1469,NPCC-New England
1472,NPCC-New England
1474,NPCC-New England
1475,NPCC-New England
1478,NPCC-New England
1479,NPCC-New England
1480,NPCC-New England
1481,NPCC-New England
1482,NPCC-New England
1483,NPCC-New England
1484,NPCC-New England
1486,NPCC-New England
1488,NPCC-New England
1491,NPCC-New England
1492,NPCC-New England
1493,NPCC-New England
1497,NPCC-New England
1500,NPCC-New England
1501,NPCC-New England
1504,NPCC-New England
1505,NPCC-New England
1507,NPCC-New England
1508,NPCC-New England
1509,NPCC-New England
1510,NPCC-New England
1511,NPCC-New England
1552,PJM
1553,PJM
1554,PJM
1555,PJM
1556,PJM
1557,PJM
1559,PJM
1560,PJM
1563,PJM
1564,PJM
1567,PJM
1571,PJM
1572,PJM
1573,PJM
1574,PJM
1580,PJM
1586,NPCC-New England
1587,NPCC-New England
1588,NPCC-New England
1590,NPCC-New England
1592,NPCC-New England
1595,NPCC-New England
1597,NPCC-New England
1599,NPCC-New England
1603,NPCC-New England
1604,NPCC-New England
1605,NPCC-New England
1607,NPCC-New England
1615,NPCC-New England
1619,NPCC-New England
1620,NPCC-New England
1629,NPCC-New England
1630,NPCC-New England
1631,NPCC-New England
1634,NPCC-New England
1637,NPCC-New England
1638,NPCC-New England
1642,NPCC-New England
1643,NPCC-New England
1660,NPCC-New England
1670,NPCC-New England
1678,NPCC-New England
1682,NPCC-New England
1693,MISO
1695,MISO
1696,MISO
1698,MISO
1701,MISO
1702,MISO
1706,MISO
1707,MISO
1708,MISO
1710,MISO
1713,MISO
1715,MISO
1718,MISO
1719,MISO
1720,MISO
1723,MISO
1725,MISO
2549,NPCC-New York
2550,NPCC-New York
2551,NPCC-New York
2552,NPCC-New York
2554,NPCC-New York
2555,NPCC-New York
2556,NPCC-New York
2557,NPCC-New York
2559,NPCC-New York
2560,NPCC-New York
2561,NPCC-New York
2562,NPCC-New York
2563,NPCC-New York
2564,NPCC-New York
2568,NPCC-New York
2569,NPCC-New York
2571,NPCC-New York
2572,NPCC-New York
2573,NPCC-New York
2575,NPCC-New York
2576,NPCC-New York
2578,NPCC-New York
2579,NPCC-New York
2580,NPCC-New York
2581,NPCC-New York
2582,NPCC-New York
2583,NPCC-New York
2586,NPCC-New York
2588,NPCC-New York
2589,NPCC-New York
2590,NPCC-New York
2591,NPCC-New York
2594,NPCC-New York
2595,NPCC-New York
2596,NPCC-New York
2597,NPCC-New York
2598,NPCC-New York
2599,NPCC-New York
2600,NPCC-New York
2601,NPCC-New York
2604,NPCC-New York
2605,NPCC-New York
2606,NPCC-New York
2607,NPCC-New York
2608,NPCC-New York
2609,NPCC-New York
2610,NPCC-New York
2611,NPCC-New York
2612,NPCC-New York
2613,NPCC-New York
2614,NPCC-New York
2616,NPCC-New York
2617,NPCC-New York
2619,NPCC-New York
2621,NPCC-New York
2623,NPCC-New York
2624,NPCC-New York
2625,NPCC-New York
2627,NPCC-New York
2628,NPCC-New York
2630,NPCC-New York
2631,NPCC-New York
2632,NPCC-New York
2634,NPCC-New York
2638,NPCC-New York
2639,NPCC-New York
2641,NPCC-New York
2678,NPCC-New York
2679,NPCC-New York
2681,NPCC-New York
2682,NPCC-New York
2685,NPCC-New York
2686,NPCC-New York
2691,NPCC-New York
2692,NPCC-New York
2693,NPCC-New York
2694,NPCC-New York
2695,NPCC-New York
2756,PJM
2758,PJM
2783,PJM
2790,MISO
2801,MISO
2815,SPP
2817,SPP
2821,MISO
2823,MISO
2824,MISO
2828,PJM
2830,PJM
2831,PJM
2832,PJM
2835,PJM
2836,PJM
2837,PJM
2838,PJM
2840,PJM
2847,PJM
2848,PJM
2850,PJM
2851,PJM
2852,PJM
2854,PJM
2861,PJM
2864,PJM
2866,PJM
2869,PJM
2872,PJM
2878,PJM
2880,PJM
2881,PJM
2933,PJM
2951,SPP
2952,SPP
2953,SPP
2956,SPP
2963,SPP
2964,SPP
2965,SPP
2966,SPP
2980,SPP
2981,SPP
2982,SPP
2984,SPP
2985,SPP
2986,SPP
2987,SPP
2991,SPP
2995,SPP
3003,SPP
3004,SPP
3006,SPP
3008,SPP
3013,WECC-NWPP-US
3014,WECC-NWPP-US
3020,WECC-NWPP-US
3021,WECC-NWPP-US
3024,WECC-NWPP-US
3025,WECC-NWPP-US
3026,WECC-NWPP-US
3028,WECC-NWPP-US
3029,WECC-NWPP-US
3032,WECC-NWPP-US
3033,WECC-NWPP-US
3034,WECC-NWPP-US
3035,WECC-NWPP-US
3036,WECC-NWPP-US
3037,WECC-NWPP-US
3040,WECC-NWPP-US
3041,WECC-NWPP-US
3042,WECC-NWPP-US
3045,WECC-NWPP-US
3047,WECC-NWPP-US
3048,WECC-NWPP-US
3049,NPCC-New England
3049,WECC-NWPP-US
3050,WECC-NWPP-US
3053,WECC-NWPP-US
3067,WECC-NWPP-US
3068,WECC-NWPP-US
3071,WECC-NWPP-US
3074,WECC-NWPP-US
3075,WECC-NWPP-US
3076,WECC-NWPP-US
3077,WECC-NWPP-US
3078,WECC-NWPP-US
3080,WECC-NWPP-US
3081,WECC-NWPP-US
3082,WECC-NWPP-US
3083,WECC-NWPP-US
3084,WECC-NWPP-US
3087,WECC-NWPP-US
3096,PJM
3109,PJM
3110,PJM
3111,PJM
3112,PJM
3113,PJM
3114,PJM
3115,PJM
3116,PJM
3117,PJM
3118,PJM
3120,PJM
3122,PJM
3124,PJM
3131,PJM
3132,PJM
3136,PJM
3138,PJM
3139,PJM
3140,PJM
3142,PJM
3143,PJM
3144,PJM
3145,PJM
3146,PJM
3147,PJM
3148,PJM
3149,PJM
3152,PJM
3153,PJM
3154,PJM
3155,PJM
3157,PJM
3160,PJM
3161,PJM
3162,PJM
3163,PJM
3164,PJM
3166,PJM
3168,PJM
3169,PJM
3170,PJM
3175,PJM
3176,PJM
3183,WECC-RMRG
3236,NPCC-New England
3324,WECC-NWPP-US
3325,WECC-RMRG
3352,MISO
3356,SPP
3373,SPP
3375,SPP
3437,Texas RE-ERCOT
3439,Texas RE-ERCOT
3441,Texas RE-ERCOT
3443,Texas RE-ERCOT
3452,Texas RE-ERCOT
3453,Texas RE-ERCOT
3456,WECC-SRSG
3457,MISO
3459,MISO
3460,Texas RE-ERCOT
3464,Texas RE-ERCOT
3468,Texas RE-ERCOT
3469,Texas RE-ERCOT
3470,Texas RE-ERCOT
3476,SPP
3477,MISO
3477,SPP
3478,SPP
3482,SPP
3484,SPP
3485,SPP
3490,Texas RE-ERCOT
3491,Texas RE-ERCOT
3492,Texas RE-ERCOT
3494,Texas RE-ERCOT
3497,Texas RE-ERCOT
3504,Texas RE-ERCOT
3507,Texas RE-ERCOT
3548,Texas RE-ERCOT
3559,Texas RE-ERCOT
3561,Texas RE-ERCOT
3576,Texas RE-ERCOT
3581,Texas RE-ERCOT
3582,Texas RE-ERCOT
3594,Texas RE-ERCOT
3595,Texas RE-ERCOT
3597,Texas RE-ERCOT
3598,Texas RE-ERCOT
3599,Texas RE-ERCOT
3600,Texas RE-ERCOT
3601,Texas RE-ERCOT
3602,SPP
3604,SPP
3609,Texas RE-ERCOT
3611,Texas RE-ERCOT
3612,Texas RE-ERCOT
3628,Texas RE-ERCOT
3630,Texas RE-ERCOT
3631,Texas RE-ERCOT
3635,WECC-NWPP-US
3636,WECC-NWPP-US
3643,WECC-NWPP-US
3644,WECC-NWPP-US
3646,WECC-NWPP-US
3647,WECC-NWPP-US
3648,WECC-NWPP-US
3651,WECC-NWPP-US
3655,WECC-NWPP-US
3656,WECC-NWPP-US
3658,WECC-NWPP-US
3659,WECC-NWPP-US
3661,WECC-NWPP-US
3664,WECC-NWPP-US
3665,WECC-NWPP-US
3666,WECC-NWPP-US
3668,WECC-NWPP-US
3673,WECC-NWPP-US
3674,WECC-NWPP-US
3675,WECC-NWPP-US
3676,WECC-NWPP-US
3679,WECC-NWPP-US
3680,WECC-NWPP-US
3681,WECC-NWPP-US
3682,WECC-NWPP-US
3685,WECC-NWPP-US
3686,WECC-NWPP-US
3688,WECC-NWPP-US
3689,WECC-NWPP-US
3690,WECC-NWPP-US
3691,WECC-NWPP-US
3692,WECC-NWPP-US
3697,WECC-NWPP-US
3698,WECC-NWPP-US
3699,WECC-NWPP-US
3704,WECC-NWPP-US
3705,WECC-NWPP-US
3708,NPCC-New England
3709,NPCC-New England
3710,NPCC-New England
3711,NPCC-New England
3712,NPCC-New England
3714,NPCC-New England
3716,NPCC-New England
3717,NPCC-New England
3720,NPCC-New England
3722,NPCC-New England
3723,NPCC-New England
3724,NPCC-New England
3725,NPCC-New England
3731,NPCC-New England
3734,NPCC-New England
3735,NPCC-New England
3737,NPCC-New England
3739,NPCC-New England
3740,NPCC-New England
3743,NPCC-New England
3745,NPCC-New England
3746,NPCC-New England
3750,NPCC-New England
3753,NPCC-New England
3754,NPCC-New England
3762,NPCC-New England
3764,NPCC-New England
3765,NPCC-New England
3772,PJM
3774,PJM
3775,PJM
3777,PJM
3778,PJM
3779,PJM
3780,PJM
3782,PJM
3785,PJM
3796,PJM
3797,PJM
3798,PJM
3799,PJM
3800,PJM
3803,PJM
3804,PJM
3806,PJM
3809,PJM
3833,PJM
3834,PJM
3845,WECC-NWPP-US
3847,WECC-NWPP-US
3850,WECC-NWPP-US
3852,WECC-NWPP-US
3853,WECC-NWPP-US
3854,WECC-NWPP-US
3855,WECC-NWPP-US
3860,WECC-NWPP-US
3861,WECC-NWPP-US
3866,WECC-NWPP-US
3867,WECC-NWPP-US
3868,WECC-NWPP-US
3869,WECC-NWPP-US
3878,WECC-NWPP-US
3883,WECC-NWPP-US
3886,WECC-NWPP-US
3887,WECC-NWPP-US
3888,WECC-NWPP-US
3891,WECC-NWPP-US
3895,WECC-NWPP-US
3913,WECC-NWPP-US
3914,WECC-NWPP-US
3915,WECC-NWPP-US
3916,WECC-NWPP-US
3917,WECC-NWPP-US
3918,WECC-NWPP-US
3921,WECC-NWPP-US
3925,WECC-NWPP-US
3926,WECC-NWPP-US
3927,WECC-NWPP-US
3929,WECC-NWPP-US
3935,PJM
3943,PJM
3944,PJM
3948,PJM
3954,PJM
3982,MISO
3983,MISO
3984,MISO
3992,MISO
3998,MISO
4000,MISO
4005,MISO
4007,MISO
4008,MISO
4009,MISO
4011,MISO
4014,MISO
4015,MISO
4040,MISO
4041,MISO
4042,MISO
4046,MISO
4050,MISO
4053,MISO
4054,MISO
4056,MISO
4057,MISO
4059,MISO
4072,MISO
4076,MISO
4078,MISO
4118,MISO
4125,MISO
4142,MISO
4143,MISO
4146,MISO
4150,WECC-RMRG
4158,WECC-NWPP-US
4162,WECC-NWPP-US
4176,WECC-RMRG
4177,WECC-RMRG
4178,WECC-RMRG
4180,WECC-RMRG
4182,WECC-RMRG
4183,WECC-RMRG
4185,WECC-RMRG
4195,Texas RE-ERCOT
4204,WECC-NWPP-US
4213,WECC-NWPP-US
4214,WECC-NWPP-US
4251,WECC-NWPP-US
4256,WECC-NWPP-US
4257,PJM
4258,PJM
4259,MISO
4261,WECC-NWPP-US
4263,WECC-NWPP-US
4266,Texas RE-ERCOT
4270,MISO
4271,MISO
4288,WECC-NWPP-US
4510,WECC-RMRG
4511,WECC-RMRG
4512,WECC-RMRG
4513,WECC-RMRG
4514,WECC-RMRG
4667,SPP
4836,WECC-RMRG
4937,Texas RE-ERCOT
4939,Texas RE-ERCOT
4940,SPP
4941,WECC-SRSG
5083,PJM
5618,FRCC
6000,PJM
6004,PJM
6006,PJM
6008,WECC-SRSG
6009,MISO
6011,PJM
6012,NPCC-New England
6013,WECC-CAMX
6016,MISO
6017,MISO
6018,PJM
6019,PJM
6020,PJM
6021,WECC-RMRG
6022,PJM
6023,PJM
6026,PJM
6030,MISO
6031,PJM
6034,MISO
6035,MISO
6040,PJM
6041,PJM
6042,FRCC
6043,FRCC
6045,FRCC
6046,FRCC
6047,NPCC-New England
6049,NPCC-New England
6055,MISO
6058,MISO
6060,WECC-SRSG
6061,MISO
6063,MISO
6064,SPP
6065,SPP
6068,SPP
6072,MISO
6074,SPP
6076,WECC-NWPP-US
6077,SPP
6081,NPCC-New England
6082,NPCC-New York
6083,NPCC-New England
6085,MISO
6086,MISO
6088,WECC-SRSG
6089,MISO
6090,MISO
6092,SPP
6094,PJM
6095,SPP
6096,SPP
6098,MISO
6099,WECC-CAMX
6100,WECC-CAMX
6101,WECC-NWPP-US
6103,PJM
6105,PJM
6106,WECC-NWPP-US
6110,NPCC-New York
6112,WECC-RMRG
6113,MISO
6115,NPCC-New England
6118,PJM
6119,NPCC-New England
6120,WECC-NWPP-US
6122,NPCC-New York
6125,NPCC-New England
6128,Texas RE-ERCOT
6136,Texas RE-ERCOT
6137,MISO
6138,SPP
6139,SPP
6140,SPP
6141,SPP
6142,SPP
6144,SPP
6145,Texas RE-ERCOT
6146,Texas RE-ERCOT
6147,Texas RE-ERCOT
6149,PJM
6153,MISO
6155,MISO
6156,NPCC-New England
6159,WECC-RMRG
6163,WECC-NWPP-US
6165,WECC-NWPP-US
6166,PJM
6167,PJM
6168,PJM
6170,MISO
6171,PJM
6172,WECC-NWPP-US
6174,WECC-NWPP-US
6175,WECC-NWPP-US
6177,WECC-SRSG
6178,Texas RE-ERCOT
6179,Texas RE-ERCOT
6180,Texas RE-ERCOT
6181,Texas RE-ERCOT
6182,WECC-NWPP-US
6183,Texas RE-ERCOT
6190,MISO
6193,SPP
6194,SPP
6195,SPP
6196,WECC-CAMX
6200,WECC-NWPP-US
6202,WECC-NWPP-US
6204,SPP
6204,WECC-RMRG
6206,WECC-RMRG
6207,WECC-RMRG
6208,WECC-RMRG
6210,WECC-NWPP-US
6211,WECC-CAMX
6213,MISO
6223,SPP
6238,MISO
6243,Texas RE-ERCOT
6248,WECC-RMRG
6251,Texas RE-ERCOT
6253,MISO
6254,MISO
6264,PJM
6265,WECC-NWPP-US
6280,SPP
6369,MISO
6370,WECC-SRSG
6373,SPP
6378,NPCC-New England
6379,NPCC-New England
6388,NPCC-New England
6393,WECC-NWPP-US
6394,WECC-NWPP-US
6395,WECC-NWPP-US
6396,WECC-NWPP-US
6397,WECC-NWPP-US
6398,WECC-NWPP-US
6400,WECC-NWPP-US
6402,WECC-SRSG
6403,WECC-NWPP-US
6404,WECC-NWPP-US
6405,WECC-RMRG
6406,WECC-NWPP-US
6407,WECC-NWPP-US
6408,WECC-RMRG
6409,WECC-RMRG
6410,Texas RE-ERCOT
6413,MISO
6414,Texas RE-ERCOT
6415,SPP
6416,Texas RE-ERCOT
6419,SPP
6421,WECC-NWPP-US
6422,WECC-NWPP-US
6424,WECC-NWPP-US
6430,WECC-NWPP-US
6431,WECC-NWPP-US
6432,WECC-NWPP-US
6433,WECC-NWPP-US
6449,WECC-CAMX
6450,NPCC-New England
6451,NPCC-New England
6452,FRCC
6456,NPCC-New England
6459,WECC-NWPP-US
6462,MISO
6469,MISO
6469,SPP
6475,NPCC-New England
6479,WECC-CAMX
6480,WECC-CAMX
6481,WECC-CAMX
6482,WECC-NWPP-US
6483,NPCC-New England
6484,WECC-NWPP-US
6486,NPCC-New York
6505,WECC-NWPP-US
6506,WECC-NWPP-US
6507,WECC-NWPP-US
6508,WECC-NWPP-US
6510,WECC-NWPP-US
6513,WECC-NWPP-US
6515,WECC-SRSG
6516,WECC-RMRG
6518,WECC-NWPP-US
6519,NPCC-New England
6520,NPCC-New England
6521,WECC-NWPP-US
6522,PJM
6526,NPCC-New York
6527,NPCC-New York
6529,NPCC-New England
6531,WECC-NWPP-US
6532,WECC-NWPP-US
6536,WECC-NWPP-US
6537,WECC-NWPP-US
6538,WECC-NWPP-US
6546,PJM
6552,WECC-NWPP-US
6553,WECC-NWPP-US
6558,MISO
6560,PJM
6561,PJM
6562,PJM
6574,WECC-SRSG
6576,WECC-NWPP-US
6584,FRCC
6586,NPCC-New England
6595,MISO
6612,WECC-NWPP-US
6618,NPCC-New England
6619,WECC-RMRG
6623,SPP
6624,SPP
6635,NPCC-New England
6636,PJM
6639,MISO
6641,MISO
6641,SPP
6644,WECC-CAMX
6645,WECC-CAMX
6646,WECC-CAMX
6647,WECC-CAMX
6650,MISO
6651,MISO
6652,MISO
6664,MISO
6705,MISO
6741,MISO
6761,WECC-RMRG
6768,SPP
6772,SPP
6776,PJM
6791,SPP
6823,MISO
6824,MISO
7011,SPP
7012,WECC-NWPP-US
7013,SPP
7015,WECC-NWPP-US
7016,WECC-NWPP-US
7027,WECC-NWPP-US
7028,WECC-NWPP-US
7030,Texas RE-ERCOT
7032,PJM
7034,WECC-NWPP-US
7039,WECC-NWPP-US
7040,SPP
7043,WECC-NWPP-US
7050,WECC-NWPP-US
7051,NPCC-New England
7056,NPCC-New England
7066,WECC-NWPP-US
7069,WECC-NWPP-US
7072,WECC-CAMX
7077,WECC-CAMX
7079,WECC-NWPP-US
7080,WECC-NWPP-US
7082,WECC-NWPP-US
7097,Texas RE-ERCOT
7111,WECC-NWPP-US
7113,WECC-NWPP-US
7119,MISO
7127,WECC-NWPP-US
7128,PJM
7131,SPP
7132,WECC-NWPP-US
7133,WECC-NWPP-US
7135,MISO
7137,MISO
7138,PJM
7145,MISO
7146,NPCC-New York
7151,WECC-CAMX
7153,PJM
7155,MISO
7158,PJM
7159,MISO
7164,WECC-SRSG
7179,WECC-SRSG
7189,WECC-NWPP-US
7190,WECC-NWPP-US
7203,MISO
7212,PJM
7213,PJM
7229,WECC-CAMX
7231,WECC-CAMX
7232,WECC-CAMX
7233,WECC-RMRG
7237,MISO
7238,FRCC
7242,FRCC
7244,FRCC
7246,MISO
7247,SPP
7266,WECC-NWPP-US
7270,MISO
7283,SPP
7288,PJM
7294,FRCC
7296,SPP
7302,FRCC
7307,WECC-NWPP-US
7314,NPCC-New York
7315,WECC-NWPP-US
7317,WECC-RMRG
7318,PJM
7325,Texas RE-ERCOT
7335,PJM
7336,PJM
7338,WECC-CAMX
7339,SPP
7340,WECC-NWPP-US
7343,MISO
7343,SPP
7345,FRCC
7350,WECC-NWPP-US
7368,WECC-CAMX
7369,WECC-CAMX
7372,WECC-RMRG
7373,WECC-RMRG
7380,FRCC
7381,NPCC-New England
7392,SPP
7393,SPP
7396,NPCC-New England
7397,PJM
7408,WECC-NWPP-US
7411,WECC-NWPP-US
7413,WECC-NWPP-US
7425,MISO
7427,WECC-NWPP-US
7432,SPP
7434,WECC-NWPP-US
7435,WECC-NWPP-US
7449,WECC-CAMX
7450,WECC-CAMX
7451,WECC-CAMX
7452,WECC-NWPP-US
7456,WECC-NWPP-US
7458,WECC-RMRG
7468,WECC-RMRG
7469,SPP
7501,NPCC-New England
7504,WECC-RMRG
7507,WECC-CAMX
7508,WECC-NWPP-US
7511,WECC-NWPP-US
7512,Texas RE-ERCOT
7515,SPP
7526,WECC-CAMX
7527,WECC-NWPP-US
7541,WECC-RMRG
7545,SPP
7546,SPP
7548,WECC-NWPP-US
7551,WECC-NWPP-US
7552,WECC-NWPP-US
7583,NPCC-New York
7586,WECC-NWPP-US
7587,WECC-NWPP-US
7588,WECC-NWPP-US
7590,WECC-NWPP-US
7591,WECC-NWPP-US
7593,WECC-SRSG
7594,PJM
7595,MISO
7605,WECC-NWPP-US
7625,WECC-NWPP-US
7646,WECC-CAMX
7690,PJM
7693,WECC-CAMX
7699,FRCC
7701,PJM
7725,WECC-NWPP-US
7759,MISO
7760,MISO
7763,MISO
7766,SPP
7767,WECC-NWPP-US
7771,SPP
7789,WECC-SRSG
7790,WECC-NWPP-US
7795,MISO
7799,MISO
7818,MISO
7824,WECC-SRSG
7825,SPP
7832,WECC-NWPP-US
7835,PJM
7836,PJM
7837,PJM
7838,PJM
7839,PJM
7842,MISO
7843,MISO
7844,MISO
7846,FRCC
7847,SPP
7849,MISO
7850,MISO
7851,MISO
7853,SPP
7855,SPP
7861,WECC-SRSG
7863,MISO
7867,WECC-NWPP-US
7869,NPCC-New York
7870,WECC-NWPP-US
7872,PJM
7873,FRCC
7886,MISO
7887,SPP
7900,Texas RE-ERCOT
7902,SPP
7903,SPP
7907,WECC-CAMX
7909,NPCC-New York
7910,NPCC-New York
7911,WECC-CAMX
7912,NPCC-New York
7913,NPCC-New York
7914,NPCC-New York
7915,NPCC-New York
7925,MISO
7928,SPP
7929,SPP
7931,WECC-NWPP-US
7933,WECC-SRSG
7936,WECC-NWPP-US
7937,WECC-RMRG
7942,WECC-CAMX
7947,MISO
7948,MISO
7953,WECC-NWPP-US
7954,FRCC
7955,SPP
7962,PJM
7964,MISO
7965,SPP
7967,WECC-SRSG
7972,MISO
7973,SPP
7974,SPP
7975,WECC-SRSG
7976,SPP
7984,MISO
7985,MISO
7988,MISO
7989,MISO
7991,MISO
7995,WECC-RMRG
7997,FRCC
7998,WECC-SRSG
7999,WECC-NWPP-US
8000,SPP
8002,NPCC-New England
8004,NPCC-New England
8005,NPCC-New England
8006,NPCC-New York
8007,NPCC-New York
8008,PJM
8009,NPCC-New York
8010,WECC-NWPP-US
8011,PJM
8012,PJM
8015,SPP
8016,MISO
8019,MISO
8022,WECC-NWPP-US
8023,MISO
8026,WECC-RMRG
8027,MISO
8028,WECC-RMRG
8029,MISO
8030,WECC-RMRG
8031,MISO
8036,SPP
8037,SPP
8048,FRCC
8049,FRCC
8050,MISO
8053,NPCC-New York
8054,MISO
8055,MISO
8056,MISO
8059,SPP
8063,Texas RE-ERCOT
8066,WECC-RMRG
8067,WECC-RMRG
8068,WECC-SRSG
8069,WECC-NWPP-US
8073,WECC-NWPP-US
8076,WECC-CAMX
8100,WECC-RMRG
8102,PJM
8106,MISO
8108,MISO
8219,WECC-RMRG
8222,MISO
8223,WECC-RMRG
8223,WECC-SRSG
8224,WECC-NWPP-US
8225,PJM
8226,PJM
8902,WECC-SRSG
8906,NPCC-New York
8907,NPCC-New York
9038,NPCC-New England
9095,WECC-NWPP-US
9096,WECC-NWPP-US
9842,WECC-NWPP-US
9864,NPCC-New England
10002,WECC-CAMX
10003,WECC-RMRG
10004,FRCC
10005,WECC-CAMX
10012,PJM
10013,MISO
10014,WECC-NWPP-US
10018,WECC-NWPP-US
10026,WECC-CAMX
10027,WECC-CAMX
10028,WECC-NWPP-US
10029,NPCC-New England
10030,PJM
10034,WECC-CAMX
10036,NPCC-New England
10042,WECC-CAMX
10043,PJM
10045,PJM
10048,WECC-CAMX
10049,WECC-NWPP-US
10052,WECC-CAMX
10062,FRCC
10063,NPCC-New England
10066,NPCC-New England
10070,WECC-RMRG
10071,PJM
10072,SPP
10074,WECC-CAMX
10075,MISO
10081,WECC-RMRG
10090,WECC-CAMX
10091,WECC-CAMX
10099,PJM
10109,NPCC-New England
10110,WECC-CAMX
10113,PJM
10115,WECC-CAMX
10116,NPCC-New York
10118,PJM
10129,PJM
10137,NPCC-New England
10139,WECC-CAMX
10140,WECC-NWPP-US
10143,PJM
10144,WECC-CAMX
10148,MISO
10151,PJM
10156,WECC-CAMX
10162,WECC-CAMX
10168,WECC-CAMX
10169,WECC-CAMX
10175,WECC-CAMX
10176,NPCC-New England
10180,WECC-RMRG
10183,NPCC-New England
10190,NPCC-New York
10191,WECC-CAMX
10199,WECC-CAMX
10206,WECC-CAMX
10215,WECC-NWPP-US
10218,NPCC-New York
10220,NPCC-New York
10221,NPCC-New York
10222,WECC-CAMX
10255,NPCC-New England
10276,NPCC-New England
10282,WECC-CAMX
10287,WECC-NWPP-US
10290,NPCC-New England
10294,WECC-CAMX
10296,WECC-NWPP-US
10300,WECC-SRSG
10305,NPCC-New York
10307,NPCC-New England
10308,PJM
10323,WECC-NWPP-US
10324,WECC-NWPP-US
10325,WECC-NWPP-US
10333,FRCC
10339,WECC-SRSG
10342,WECC-CAMX
10343,PJM
10346,MISO
10349,WECC-CAMX
10350,WECC-CAMX
10354,NPCC-New England
10377,PJM
10384,PJM
10387,WECC-CAMX
10392,WECC-CAMX
10395,WECC-CAMX
10405,WECC-CAMX
10421,WECC-RMRG
10422,WECC-RMRG
10423,WECC-RMRG
10424,WECC-RMRG
10427,WECC-CAMX
10435,PJM
10437,WECC-CAMX
10439,WECC-CAMX
10446,WECC-CAMX
10458,WECC-CAMX
10467,NPCC-New York
10471,WECC-CAMX
10472,WECC-CAMX
10478,WECC-CAMX
10480,WECC-CAMX
10481,WECC-CAMX
10493,NPCC-New England
10494,NPCC-New England
10495,NPCC-New England
10496,WECC-CAMX
10501,WECC-CAMX
10502,WECC-CAMX
10503,NPCC-New York
10504,WECC-NWPP-US
10519,NPCC-New England
10523,NPCC-New England
10526,NPCC-New England
10530,NPCC-New York
10531,NPCC-New York
10548,WECC-CAMX
10555,NPCC-New England
10556,NPCC-New England
10557,PJM
10566,PJM
10567,NPCC-New England
10570,NPCC-New England
10586,WECC-CAMX
10593,MISO
10597,WECC-CAMX
10600,WECC-CAMX
10601,WECC-CAMX
10603,PJM
10608,NPCC-New England
10617,NPCC-New York
10620,NPCC-New York
10621,NPCC-New York
10623,WECC-CAMX
10629,PJM
10631,WECC-SRSG
10632,WECC-SRSG
10633,PJM
10634,WECC-SRSG
10635,WECC-CAMX
10641,PJM
10642,NPCC-New York
10643,PJM
10646,NPCC-New England
10649,WECC-CAMX
10650,WECC-CAMX
10652,WECC-CAMX
10661,WECC-CAMX
10671,SPP
10672,FRCC
10676,PJM
10678,PJM
10682,WECC-RMRG
10684,WECC-CAMX
10690,MISO
10694,NPCC-New England
10700,NPCC-New England
10706,WECC-CAMX
10709,WECC-CAMX
10718,WECC-CAMX
10720,WECC-CAMX
10725,NPCC-New York
10726,NPCC-New England
10728,NPCC-New England
10735,WECC-NWPP-US
10737,WECC-NWPP-US
10740,WECC-NWPP-US
10743,PJM
10745,MISO
10746,PJM
10751,PJM
10755,WECC-RMRG
10759,WECC-SRSG
10761,WECC-NWPP-US
10763,WECC-SRSG
10764,WECC-CAMX
10765,NPCC-New England
10766,NPCC-New England
10767,WECC-CAMX
10768,WECC-CAMX
10769,WECC-CAMX
10771,PJM
10772,WECC-CAMX
10773,PJM
10774,PJM
10776,WECC-CAMX
10781,WECC-NWPP-US
10784,WECC-NWPP-US
10806,WECC-NWPP-US
10807,WECC-NWPP-US
10808,WECC-NWPP-US
10809,WECC-NWPP-US
10810,WECC-CAMX
10811,WECC-CAMX
10812,WECC-CAMX
10819,MISO
10822,MISO
10824,NPCC-New England
10825,NPCC-New England
10836,WECC-CAMX
10837,WECC-CAMX
10838,NPCC-New England
10839,NPCC-New England
10840,WECC-CAMX
10869,WECC-NWPP-US
10870,PJM
10873,WECC-CAMX
10874,WECC-CAMX
10875,WECC-CAMX
10878,WECC-SRSG
10879,WECC-SRSG
10882,WECC-CAMX
10883,NPCC-New England
10884,WECC-CAMX
10935,WECC-NWPP-US
14412,WECC-SRSG
18125,SPP
50001,WECC-CAMX
50002,NPCC-New England
50003,WECC-CAMX
50006,NPCC-New York
50024,WECC-CAMX
50035,NPCC-New England
50036,PJM
50037,WECC-CAMX
50039,PJM
50049,WECC-CAMX
50051,NPCC-New England
50061,WECC-CAMX
50066,WECC-CAMX
50067,SPP
50071,FRCC
50074,PJM
50080,NPCC-New England
50089,WECC-CAMX
50091,WECC-NWPP-US
50099,WECC-NWPP-US
50103,NPCC-New England
50109,Texas RE-ERCOT
50110,WECC-CAMX
50112,WECC-CAMX
50115,WECC-CAMX
50117,WECC-NWPP-US
50119,WECC-CAMX
50126,NPCC-New England
50127,Texas RE-ERCOT
50128,WECC-CAMX
50129,WECC-CAMX
50131,WECC-CAMX
50134,WECC-CAMX
50137,Texas RE-ERCOT
50147,WECC-CAMX
50148,WECC-CAMX
50150,MISO
50156,WECC-CAMX
50166,NPCC-New England
50170,WECC-CAMX
50177,NPCC-New England
50179,WECC-NWPP-US
50180,WECC-CAMX
50185,WECC-NWPP-US
50187,WECC-NWPP-US
50191,WECC-NWPP-US
50200,WECC-CAMX
50202,NPCC-New York
50206,WECC-RMRG
50208,NPCC-New England
50210,WECC-SRSG
50215,PJM
50216,WECC-CAMX
50218,WECC-CAMX
50219,WECC-CAMX
50224,WECC-CAMX
50225,NPCC-New England
50228,WECC-NWPP-US
50233,WECC-CAMX
50243,NPCC-New England
50261,WECC-NWPP-US
50267,WECC-RMRG
50273,NPCC-New England
50274,WECC-NWPP-US
50278,NPCC-New England
50279,PJM
50281,WECC-CAMX
50285,NPCC-New England
50290,NPCC-New England
50292,NPCC-New York
50293,WECC-CAMX
50300,WECC-CAMX
50312,NPCC-New England
50322,WECC-CAMX
50323,WECC-NWPP-US
50324,NPCC-New England
50329,WECC-NWPP-US
50350,WECC-CAMX
50351,NPCC-New England
50353,NPCC-New England
50360,WECC-NWPP-US
50361,WECC-NWPP-US
50362,WECC-NWPP-US
50363,WECC-SRSG
50365,NPCC-New England
50371,FRCC
50373,PJM
50375,WECC-CAMX
50380,WECC-NWPP-US
50382,WECC-NWPP-US
50384,NPCC-New England
50385,PJM
50386,WECC-CAMX
50388,WECC-CAMX
50393,WECC-CAMX
50396,WECC-NWPP-US
50397,PJM
50400,WECC-CAMX
50406,NPCC-New England
50410,PJM
50414,NPCC-New England
50421,WECC-NWPP-US
50423,WECC-NWPP-US
50426,WECC-NWPP-US
50435,WECC-RMRG
50447,NPCC-New England
50449,NPCC-New York
50450,NPCC-New York
50451,NPCC-New York
50458,NPCC-New York
50464,WECC-CAMX
50472,NPCC-New York
50473,FRCC
50474,FRCC
50485,WECC-CAMX
50489,MISO
50493,WECC-CAMX
50494,WECC-CAMX
50495,WECC-CAMX
50497,PJM
50498,NPCC-New England
50512,NPCC-New York
50530,WECC-CAMX
50532,WECC-CAMX
50533,WECC-CAMX
50534,WECC-CAMX
50535,WECC-CAMX
50536,WECC-CAMX
50537,WECC-CAMX
50539,NPCC-New England
50544,WECC-NWPP-US
50545,NPCC-New England
50546,WECC-CAMX
50552,WECC-CAMX
50555,PJM
50558,SPP
50560,WECC-CAMX
50561,PJM
50564,NPCC-New England
50565,NPCC-New York
50568,NPCC-New York
50569,Texas RE-ERCOT
50578,PJM
50610,WECC-CAMX
50611,PJM
50612,WECC-CAMX
50622,WECC-CAMX
50623,WECC-CAMX
50624,WECC-CAMX
50625,MISO
50630,WECC-NWPP-US
50632,WECC-CAMX
50637,WECC-NWPP-US
50639,MISO
50648,NPCC-New England
50649,NPCC-New York
50650,NPCC-New England
50654,WECC-NWPP-US
50656,NPCC-New York
50657,PJM
50658,PJM
50661,NPCC-New England
50662,NPCC-New York
50664,NPCC-New England
50666,FRCC
50676,WECC-RMRG
50688,NPCC-New England
50690,WECC-CAMX
50696,WECC-CAMX
50699,NPCC-New England
50700,WECC-NWPP-US
50702,NPCC-New England
50704,NPCC-New England
50712,WECC-CAMX
50713,NPCC-New England
50718,WECC-NWPP-US
50736,NPCC-New England
50739,NPCC-New England
50741,NPCC-New England
50744,NPCC-New York
50748,WECC-CAMX
50750,WECC-CAMX
50751,WECC-CAMX
50752,WECC-CAMX
50754,WECC-CAMX
50755,WECC-CAMX
50758,NPCC-New England
50762,WECC-SRSG
50763,WECC-NWPP-US
50764,WECC-SRSG
50765,WECC-NWPP-US
50766,WECC-SRSG
50770,MISO
50772,MISO
50774,FRCC
50776,PJM
50799,PJM
50820,WECC-CAMX
50827,WECC-NWPP-US
50831,WECC-CAMX
50832,NPCC-New England
50835,MISO
50837,WECC-CAMX
50849,WECC-CAMX
50850,WECC-CAMX
50851,WECC-CAMX
50852,PJM
50858,FRCC
50859,PJM
50860,MISO
50864,WECC-CAMX
50865,WECC-CAMX
50872,NPCC-New England
50873,NPCC-New England
50875,FRCC
50876,WECC-CAMX
50877,NPCC-New England
50878,NPCC-New England
50879,PJM
50880,NPCC-New England
50881,WECC-CAMX
50882,NPCC-New York
50883,NPCC-New England
50884,FRCC
50885,PJM
50886,WECC-NWPP-US
50887,FRCC
50888,PJM
50891,WECC-NWPP-US
50892,WECC-CAMX
50894,PJM
50895,WECC-NWPP-US
50896,WECC-NWPP-US
50897,NPCC-New York
50898,NPCC-New York
50917,WECC-NWPP-US
50921,WECC-NWPP-US
50931,WECC-NWPP-US
50938,WECC-NWPP-US
50942,WECC-NWPP-US
50945,WECC-NWPP-US
50949,FRCC
50951,WECC-NWPP-US
50960,PJM
50961,WECC-NWPP-US
50963,WECC-CAMX
50966,PJM
50972,WECC-NWPP-US
50974,PJM
50976,FRCC
50978,NPCC-New York
50980,WECC-NWPP-US
50987,WECC-NWPP-US
50993,WECC-NWPP-US
50997,WECC-SRSG
50999,NPCC-New England
51026,NPCC-New England
51030,NPCC-New England
51033,NPCC-New York
51038,NPCC-New York
52006,MISO
55236,PJM
55237,MISO
55238,PJM
55239,PJM
55243,NPCC-New York
55247,PJM
55248,PJM
55250,PJM
55253,PJM
55257,WECC-SRSG
55259,MISO
55270,MISO
55276,PJM
55278,WECC-RMRG
55279,PJM
55281,PJM
55282,WECC-SRSG
55283,WECC-RMRG
55284,PJM
55285,PJM
55286,FRCC
55287,MISO
55288,NPCC-New England
55294,NPCC-New England
55295,WECC-CAMX
55296,PJM
55297,MISO
55298,PJM
55302,WECC-NWPP-US
55306,WECC-SRSG
55317,NPCC-New England
55320,Texas RE-ERCOT
55322,WECC-NWPP-US
55328,WECC-NWPP-US
55333,WECC-CAMX
55334,MISO
55337,PJM
55339,WECC-CAMX
55342,MISO
55343,WECC-SRSG
55347,PJM
55348,PJM
55349,PJM
55350,PJM
55357,Texas RE-ERCOT
55358,MISO
55364,MISO
55365,SPP
55365,Texas RE-ERCOT
55367,Texas RE-ERCOT
55368,NPCC-New York
55370,PJM
55372,WECC-SRSG
55375,NPCC-New York
55377,PJM
55380,MISO
55381,PJM
55391,MISO
55392,PJM
55395,SPP
55397,PJM
55400,WECC-CAMX
55401,PJM
55402,MISO
55404,MISO
55405,NPCC-New York
55412,FRCC
55414,FRCC
55415,FRCC
55417,MISO
55418,MISO
55419,MISO
55433,MISO
55438,PJM
55439,PJM
55447,MISO
55453,WECC-RMRG
55455,WECC-SRSG
55457,SPP
55463,SPP
55464,Texas RE-ERCOT
55467,MISO
55477,WECC-RMRG
55478,WECC-RMRG
55479,WECC-RMRG
55480,Texas RE-ERCOT
55481,WECC-SRSG
55482,WECC-NWPP-US
55494,WECC-NWPP-US
55496,MISO
55499,WECC-CAMX
55502,PJM
55503,PJM
55504,WECC-RMRG
55505,WECC-RMRG
55508,WECC-CAMX
55510,WECC-CAMX
55512,WECC-CAMX
55513,WECC-CAMX
55514,WECC-CAMX
55514,WECC-NWPP-US
55516,PJM
55517,NPCC-New England
55518,WECC-CAMX
55522,WECC-SRSG
55524,PJM
55538,WECC-CAMX
55540,WECC-CAMX
55541,WECC-CAMX
55542,WECC-CAMX
55544,WECC-NWPP-US
55545,Texas RE-ERCOT
55558,MISO
55560,WECC-NWPP-US
55576,MISO
55578,WECC-SRSG
55579,SPP
55581,Texas RE-ERCOT
55587,PJM
55589,NPCC-New England
55600,NPCC-New York
55601,WECC-CAMX
55603,WECC-CAMX
55607,WECC-NWPP-US
55608,WECC-NWPP-US
55609,WECC-NWPP-US
55610,WECC-NWPP-US
55618,PJM
55620,MISO
55622,WECC-NWPP-US
55625,WECC-CAMX
55626,WECC-CAMX
55627,WECC-CAMX
55640,PJM
55641,MISO
55645,WECC-RMRG
55650,WECC-RMRG
55651,SPP
55654,PJM
55655,SPP
55661,NPCC-New England
55662,WECC-NWPP-US
55664,SPP
55667,PJM
55683,WECC-NWPP-US
55687,WECC-NWPP-US
55690,PJM
55695,PJM
55698,PJM
55698,WECC-CAMX
55699,NPCC-New York
55700,WECC-NWPP-US
55701,PJM
55708,Texas RE-ERCOT
55710,PJM
55714,MISO
55718,MISO
55719,WECC-CAMX
55733,WECC-NWPP-US
55734,SPP
55736,PJM
55738,PJM
55739,WECC-NWPP-US
55740,WECC-NWPP-US
55741,WECC-RMRG
55742,MISO
55747,Texas RE-ERCOT
55748,WECC-CAMX
55749,WECC-NWPP-US
55752,WECC-CAMX
55757,NPCC-New York
55763,PJM
55765,PJM
55766,WECC-NWPP-US
55769,NPCC-New York
55776,NPCC-New England
55786,NPCC-New York
55787,NPCC-New York
55790,NPCC-New York
55795,Texas RE-ERCOT
55796,Texas RE-ERCOT
55801,PJM
55802,WECC-SRSG
55803,PJM
55804,MISO
55805,PJM
55807,WECC-CAMX
55810,WECC-CAMX
55811,WECC-CAMX
55813,WECC-CAMX
55816,MISO
55818,WECC-NWPP-US
55820,WECC-CAMX
55821,FRCC
55833,FRCC
55835,WECC-RMRG
55836,MISO
55841,WECC-NWPP-US
55847,WECC-CAMX
55851,WECC-CAMX
55855,WECC-CAMX
55856,MISO
55860,NPCC-New England
55866,WECC-NWPP-US
55867,MISO
55871,WECC-NWPP-US
55874,WECC-CAMX
55882,WECC-NWPP-US
55885,PJM
55893,FRCC
55931,WECC-RMRG
55933,WECC-CAMX
55934,WECC-CAMX
55935,WECC-CAMX
55936,PJM
55938,PJM
55939,PJM
55951,WECC-CAMX
55952,WECC-NWPP-US
55963,WECC-CAMX
55968,Texas RE-ERCOT
55969,NPCC-New York
55970,WECC-NWPP-US
55972,SPP
55975,PJM
55976,PJM
55977,WECC-RMRG
55983,WECC-SRSG
55984,WECC-SRSG
55986,PJM
55988,WECC-NWPP-US
55989,WECC-NWPP-US
55991,WECC-NWPP-US
55992,Texas RE-ERCOT
55995,SPP
55997,PJM
55999,NPCC-New England
56001,PJM
56010,MISO
56010,SPP
56011,WECC-CAMX
56012,WECC-CAMX
56013,SPP
56016,WECC-NWPP-US
56017,WECC-NWPP-US
56031,MISO
56032,NPCC-New York
56046,WECC-CAMX
56051,WECC-CAMX
56052,PJM
56054,MISO
56068,MISO
56075,WECC-CAMX
56077,WECC-CAMX
56078,WECC-NWPP-US
56085,PJM
56090,WECC-CAMX
56092,SPP
56093,WECC-NWPP-US
56094,SPP
56097,WECC-SRSG
56099,MISO
56099,SPP
56102,WECC-NWPP-US
56104,MISO
56106,WECC-RMRG
56108,MISO
56111,Texas RE-ERCOT
56124,WECC-NWPP-US
56125,WECC-CAMX
56135,WECC-CAMX
56135,WECC-NWPP-US
56141,NPCC-New York
56142,MISO
56143,WECC-CAMX
56144,WECC-CAMX
56148,SPP
56151,SPP
56160,PJM
56162,SPP
56163,WECC-NWPP-US
56164,MISO
56166,MISO
56167,WECC-CAMX
56170,WECC-CAMX
56171,WECC-CAMX
56172,MISO
56173,WECC-RMRG
56177,WECC-NWPP-US
56184,WECC-CAMX
56185,WECC-CAMX
56188,NPCC-New York
56189,NPCC-New England
56192,WECC-NWPP-US
56193,WECC-NWPP-US
56195,WECC-NWPP-US
56196,NPCC-New York
56203,MISO
56211,Texas RE-ERCOT
56212,Texas RE-ERCOT
56213,WECC-CAMX
56223,WECC-NWPP-US
56224,WECC-NWPP-US
56225,SPP
56227,WECC-NWPP-US
56228,WECC-SRSG
56229,WECC-SRSG
56232,WECC-CAMX
56237,WECC-NWPP-US
56238,SPP
56239,WECC-CAMX
56240,Texas RE-ERCOT
56241,MISO
56250,NPCC-New York
56251,MISO
56252,MISO
56253,WECC-NWPP-US
56255,WECC-NWPP-US
56259,NPCC-New York
56270,Texas RE-ERCOT
56273,SPP
56283,MISO
56290,NPCC-New York
56291,Texas RE-ERCOT
56293,SPP
56296,MISO
56297,PJM
56298,WECC-NWPP-US
56299,PJM
56301,WECC-NWPP-US
56303,SPP
56304,SPP
56307,MISO
56308,WECC-NWPP-US
52007,PJM
52010,FRCC
52015,WECC-CAMX
52019,PJM
52026,NPCC-New England
52033,NPCC-New England
52036,PJM
52039,WECC-NWPP-US
52054,MISO
52056,NPCC-New York
52063,WECC-CAMX
52068,PJM
52071,Texas RE-ERCOT
52073,WECC-CAMX
52077,WECC-CAMX
52085,WECC-CAMX
52086,WECC-CAMX
52087,PJM
52088,Texas RE-ERCOT
52104,WECC-CAMX
52107,WECC-CAMX
52109,WECC-CAMX
52118,PJM
52127,WECC-NWPP-US
52138,WECC-NWPP-US
52147,WECC-CAMX
52155,WECC-NWPP-US
52160,WECC-CAMX
52161,WECC-CAMX
52162,WECC-CAMX
52163,WECC-CAMX
52166,NPCC-New England
52169,WECC-CAMX
52171,NPCC-New England
52173,PJM
52174,WECC-NWPP-US
52176,Texas RE-ERCOT
52186,WECC-CAMX
52187,WECC-NWPP-US
52193,PJM
52203,PJM
54006,WECC-NWPP-US
54015,WECC-CAMX
54017,WECC-CAMX
54033,FRCC
54034,NPCC-New York
54035,PJM
54038,WECC-SRSG
54041,NPCC-New York
54056,NPCC-New England
54076,NPCC-New York
54081,PJM
54099,NPCC-New York
54111,WECC-SRSG
54123,NPCC-New England
54124,NPCC-New England
54131,NPCC-New York
54134,NPCC-New England
54142,WECC-RMRG
54148,NPCC-New England
54149,NPCC-New York
54208,WECC-SRSG
54238,WECC-CAMX
54242,WECC-CAMX
54249,WECC-NWPP-US
54251,WECC-NWPP-US
54258,WECC-CAMX
54261,WECC-CAMX
54267,WECC-NWPP-US
54268,WECC-NWPP-US
54271,WECC-NWPP-US
54298,WECC-CAMX
54299,WECC-CAMX
54300,WECC-CAMX
54301,NPCC-New England
54302,NPCC-New England
54304,PJM
54306,WECC-NWPP-US
54308,WECC-CAMX
54318,WECC-NWPP-US
54324,NPCC-New England
54327,WECC-CAMX
54337,WECC-CAMX
54343,WECC-CAMX
54349,WECC-NWPP-US
54350,WECC-NWPP-US
54355,NPCC-New England
54365,FRCC
54371,WECC-CAMX
54372,WECC-RMRG
54374,WECC-NWPP-US
54384,NPCC-New England
54385,NPCC-New England
54386,WECC-NWPP-US
54387,WECC-NWPP-US
54394,WECC-NWPP-US
54410,WECC-CAMX
54415,MISO
56309,MISO
54418,NPCC-New England
54424,FRCC
54426,FRCC
54447,WECC-CAMX
54451,WECC-CAMX
54466,FRCC
54471,NPCC-New England
54472,WECC-NWPP-US
54476,WECC-NWPP-US
54477,WECC-CAMX
54514,WECC-NWPP-US
54517,WECC-CAMX
54524,WECC-NWPP-US
54526,NPCC-New York
54529,FRCC
54537,WECC-NWPP-US
54547,NPCC-New York
54554,WECC-CAMX
54555,WECC-CAMX
54558,WECC-NWPP-US
54561,WECC-CAMX
54562,WECC-NWPP-US
54567,WECC-CAMX
54572,NPCC-New England
54573,NPCC-New York
54578,WECC-NWPP-US
54579,WECC-NWPP-US
54586,NPCC-New England
54592,NPCC-New York
54593,NPCC-New York
54620,NPCC-New England
54625,PJM
54626,WECC-CAMX
54630,WECC-RMRG
54634,PJM
54638,PJM
54639,NPCC-New England
54640,PJM
54652,WECC-NWPP-US
54653,WECC-CAMX
54654,WECC-CAMX
54663,NPCC-New England
54665,WECC-NWPP-US
54666,WECC-NWPP-US
54667,WECC-SRSG
54668,WECC-NWPP-US
54674,WECC-NWPP-US
54678,MISO
54679,WECC-RMRG
54680,WECC-RMRG
54685,WECC-CAMX
54686,WECC-CAMX
54688,NPCC-New England
54689,WECC-SRSG
54690,WECC-NWPP-US
54693,PJM
54694,WECC-SRSG
54721,WECC-NWPP-US
54724,WECC-SRSG
54729,WECC-NWPP-US
54734,WECC-SRSG
54746,PJM
54749,WECC-CAMX
54751,MISO
54753,WECC-NWPP-US
54755,PJM
54758,NPCC-New England
54761,WECC-NWPP-US
54766,PJM
54768,WECC-CAMX
54782,NPCC-New York
54785,PJM
54793,MISO
54794,MISO
54805,NPCC-New England
54812,WECC-NWPP-US
54814,WECC-RMRG
54817,Texas RE-ERCOT
54832,PJM
54842,PJM
54844,PJM
54854,WECC-NWPP-US
54860,WECC-NWPP-US
54909,WECC-CAMX
54912,WECC-CAMX
54914,NPCC-New York
54915,MISO
54925,MISO
54931,WECC-CAMX
54932,WECC-RMRG
54934,PJM
54945,NPCC-New England
54950,WECC-NWPP-US
54951,WECC-CAMX
54953,NPCC-New York
54979,Texas RE-ERCOT
54980,PJM
54981,NPCC-New England
54989,MISO
54996,WECC-SRSG
55006,NPCC-New England
55007,WECC-NWPP-US
55010,MISO
55011,MISO
55026,NPCC-New England
55029,MISO
55031,NPCC-New England
55039,WECC-SRSG
55041,NPCC-New England
55042,NPCC-New England
55047,Texas RE-ERCOT
55048,NPCC-New England
55049,WECC-CAMX
55062,MISO
55062,Texas RE-ERCOT
55063,MISO
55064,SPP
55068,NPCC-New England
55074,PJM
55075,MISO
55079,NPCC-New England
55084,WECC-CAMX
55087,MISO
55088,MISO
55089,MISO
55090,WECC-NWPP-US
55091,Texas RE-ERCOT
55092,PJM
55094,WECC-CAMX
55097,Texas RE-ERCOT
55098,Texas RE-ERCOT
55099,MISO
55100,NPCC-New England
55101,MISO
55102,MISO
55103,WECC-NWPP-US
55104,MISO
55107,NPCC-New England
55109,PJM
55110,MISO
55111,MISO
55112,WECC-CAMX
55117,MISO
55120,MISO
55123,Texas RE-ERCOT
55124,WECC-SRSG
55125,WECC-NWPP-US
55126,NPCC-New England
55127,WECC-RMRG
55129,WECC-SRSG
55131,PJM
55132,Texas RE-ERCOT
55135,MISO
55137,Texas RE-ERCOT
55139,Texas RE-ERCOT
55144,Texas RE-ERCOT
55146,SPP
55148,MISO
55149,NPCC-New England
55151,WECC-CAMX
55153,Texas RE-ERCOT
55154,Texas RE-ERCOT
55155,NPCC-New York
55161,WECC-CAMX
55163,NPCC-New England
55165,MISO
55168,Texas RE-ERCOT
55170,NPCC-New England
55172,Texas RE-ERCOT
55173,MISO
55176,SPP
55177,WECC-SRSG
55178,SPP
55179,WECC-NWPP-US
55182,WECC-CAMX
55187,Texas RE-ERCOT
55188,PJM
55192,FRCC
55193,PJM
55196,PJM
55198,PJM
55199,PJM
55200,WECC-RMRG
55201,MISO
55202,MISO
55203,WECC-RMRG
55204,MISO
55207,WECC-RMRG
55210,WECC-SRSG
55211,NPCC-New England
55212,NPCC-New England
55215,Texas RE-ERCOT
55216,PJM
55217,WECC-CAMX
55218,MISO
55220,MISO
55221,MISO
55222,PJM
55223,Texas RE-ERCOT
55224,MISO
55225,SPP
55226,Texas RE-ERCOT
55228,PJM
55229,PJM
55230,Texas RE-ERCOT
55231,PJM
55233,PJM
55234,MISO
56311,Texas RE-ERCOT
56312,WECC-NWPP-US
56317,WECC-NWPP-US
56319,WECC-RMRG
56320,WECC-RMRG
56321,WECC-NWPP-US
56322,WECC-NWPP-US
56323,NPCC-New York
56324,NPCC-New York
56328,SPP
56333,PJM
56335,SPP
56336,WECC-SRSG
56337,Texas RE-ERCOT
56338,PJM
56347,MISO
56348,SPP
56349,Texas RE-ERCOT
56350,Texas RE-ERCOT
56351,SPP
56355,MISO
56357,SPP
56358,WECC-SRSG
56359,WECC-NWPP-US
56360,WECC-NWPP-US
56361,WECC-NWPP-US
56369,PJM
56371,WECC-RMRG
56372,Texas RE-ERCOT
56377,WECC-NWPP-US
56379,MISO
56380,SPP
56386,MISO
56391,MISO
56394,Texas RE-ERCOT
56395,Texas RE-ERCOT
56399,NPCC-New England
56400,FRCC
56405,WECC-NWPP-US
56406,WECC-NWPP-US
56407,FRCC
56408,MISO
56415,MISO
56416,MISO
56424,MISO
56430,PJM
56432,SPP
56433,WECC-CAMX
56434,WECC-NWPP-US
56435,WECC-NWPP-US
56437,WECC-NWPP-US
56439,WECC-NWPP-US
56440,WECC-NWPP-US
56441,WECC-NWPP-US
56442,WECC-NWPP-US
56443,WECC-NWPP-US
56445,WECC-RMRG
56446,WECC-CAMX
56451,PJM
56456,MISO
56457,MISO
56457,Texas RE-ERCOT
56458,SPP
56459,MISO
56460,WECC-RMRG
56461,WECC-NWPP-US
56462,PJM
56464,PJM
56466,WECC-NWPP-US
56467,WECC-CAMX
56468,WECC-NWPP-US
56469,WECC-NWPP-US
56470,PJM
56471,WECC-CAMX
56475,WECC-CAMX
56476,WECC-CAMX
56479,Texas RE-ERCOT
56480,MISO
56481,WECC-RMRG
56482,WECC-SRSG
56483,Texas RE-ERCOT
56483,WECC-NWPP-US
56484,Texas RE-ERCOT
56485,WECC-NWPP-US
56487,WECC-NWPP-US
56488,SPP
56489,SPP
56494,MISO
56495,PJM
56497,SPP
56498,WECC-NWPP-US
56499,WECC-NWPP-US
56500,WECC-NWPP-US
56501,MISO
56502,SPP
56505,MISO
56506,Texas RE-ERCOT
56509,WECC-NWPP-US
56512,PJM
56516,WECC-RMRG
56517,SPP
56524,Texas RE-ERCOT
56526,NPCC-New York
56527,NPCC-New England
56528,Texas RE-ERCOT
56530,WECC-RMRG
56531,PJM
56532,WECC-CAMX
56533,WECC-CAMX
56540,WECC-NWPP-US
56541,WECC-NWPP-US
56543,MISO
56544,MISO
56554,WECC-NWPP-US
56555,MISO
56563,WECC-RMRG
56564,SPP
56565,SPP
56567,WECC-SRSG
56568,WECC-NWPP-US
56569,WECC-SRSG
56571,PJM
56572,PJM
56575,NPCC-New York
56589,MISO
56591,WECC-NWPP-US
56592,Texas RE-ERCOT
56593,Texas RE-ERCOT
56594,NPCC-New York
56596,WECC-RMRG
56602,Texas RE-ERCOT
56603,MISO
56604,MISO
56605,MISO
56606,SPP
56607,SPP
56608,SPP
56609,WECC-RMRG
56610,SPP
56611,Texas RE-ERCOT
56612,WECC-NWPP-US
56613,WECC-RMRG
56614,PJM
56615,WECC-CAMX
56616,WECC-SRSG
56617,MISO
56618,NPCC-New York
56619,NPCC-New York
56620,NPCC-New York
56621,SPP
56622,PJM
56623,WECC-NWPP-US
56629,NPCC-New England
56630,MISO
56631,WECC-NWPP-US
56633,NPCC-New York
56635,MISO
56636,WECC-NWPP-US
56637,WECC-NWPP-US
56638,Texas RE-ERCOT
56640,PJM
56643,MISO
56644,Texas RE-ERCOT
56645,MISO
56646,MISO
56647,MISO
56648,SPP
56649,Texas RE-ERCOT
56650,SPP
56651,PJM
56654,WECC-CAMX
56659,MISO
56661,Texas RE-ERCOT
56666,WECC-NWPP-US
56669,MISO
56670,MISO
56671,PJM
56673,Texas RE-ERCOT
56674,Texas RE-ERCOT
56677,MISO
56679,MISO
56680,PJM
56681,PJM
56682,PJM
56684,PJM
56686,PJM
56687,PJM
56690,PJM
56691,PJM
56692,PJM
56693,PJM
56694,WECC-NWPP-US
56695,WECC-NWPP-US
56696,WECC-NWPP-US
56697,WECC-NWPP-US
56698,WECC-NWPP-US
56699,PJM
56700,PJM
56702,WECC-NWPP-US
56703,NPCC-New York
56706,WECC-CAMX
56707,WECC-CAMX
56750,MISO
56751,WECC-NWPP-US
56752,WECC-NWPP-US
56753,WECC-NWPP-US
56754,Texas RE-ERCOT
56755,MISO
56763,Texas RE-ERCOT
56764,MISO
56765,MISO
56767,MISO
56768,WECC-CAMX
56770,PJM
56771,Texas RE-ERCOT
56773,Texas RE-ERCOT
56774,Texas RE-ERCOT
56775,Texas RE-ERCOT
56777,MISO
56777,PJM
56779,Texas RE-ERCOT
56780,PJM
56781,WECC-NWPP-US
56782,MISO
56783,Texas RE-ERCOT
56784,SPP
56786,MISO
56789,WECC-NWPP-US
56790,WECC-NWPP-US
56791,WECC-CAMX
56792,MISO
56793,MISO
56794,MISO
56795,Texas RE-ERCOT
56796,PJM
56797,MISO
56798,NPCC-New England
56799,FRCC
56800,NPCC-New England
56803,WECC-CAMX
56806,Texas RE-ERCOT
56807,PJM
56808,PJM
56809,MISO
56810,MISO
56811,MISO
56812,WECC-SRSG
56815,WECC-RMRG
56818,SPP
56823,Texas RE-ERCOT
56829,NPCC-New England
56831,MISO
56832,WECC-SRSG
56834,SPP
56841,WECC-NWPP-US
56842,WECC-NWPP-US
56843,WECC-NWPP-US
56847,NPCC-New England
56848,PJM
56853,WECC-NWPP-US
56854,WECC-NWPP-US
56855,WECC-NWPP-US
56856,MISO
56857,NPCC-New York
56858,WECC-NWPP-US
56859,SPP
56861,WECC-RMRG
56864,Texas RE-ERCOT
56865,PJM
56868,PJM
56874,WECC-CAMX
56875,WECC-NWPP-US
56878,MISO
56884,PJM
56888,PJM
56890,PJM
56891,NPCC-New England
56894,PJM
56895,WECC-CAMX
56898,WECC-CAMX
56899,WECC-NWPP-US
56901,NPCC-New York
56902,NPCC-New York
56904,NPCC-New York
56908,WECC-NWPP-US
56911,PJM
56912,MISO
56913,MISO
56914,WECC-CAMX
56919,MISO
56920,Texas RE-ERCOT
56921,Texas RE-ERCOT
56922,WECC-RMRG
56923,MISO
56924,MISO
56925,MISO
56929,FRCC
56931,Texas RE-ERCOT
56932,WECC-NWPP-US
56933,WECC-NWPP-US
56934,WECC-NWPP-US
56935,WECC-NWPP-US
56941,PJM
56942,MISO
56945,WECC-SRSG
56946,SPP
56947,SPP
56948,WECC-SRSG
56952,WECC-NWPP-US
56953,NPCC-New York
56956,Texas RE-ERCOT
56957,PJM
56958,NPCC-New York
56959,Texas RE-ERCOT
56960,WECC-RMRG
56961,Texas RE-ERCOT
56964,NPCC-New York
56967,WECC-NWPP-US
56968,WECC-NWPP-US
56969,WECC-NWPP-US
56970,WECC-NWPP-US
56971,WECC-NWPP-US
56972,WECC-NWPP-US
56973,WECC-NWPP-US
56974,WECC-NWPP-US
56975,WECC-NWPP-US
56979,Texas RE-ERCOT
56980,PJM
56981,Texas RE-ERCOT
56982,WECC-NWPP-US
56983,Texas RE-ERCOT
56984,Texas RE-ERCOT
56985,SPP
56986,NPCC-New York
56987,NPCC-New York
56989,NPCC-New England
56990,NPCC-New England
56991,NPCC-New England
56994,MISO
56997,WECC-NWPP-US
56998,WECC-RMRG
57001,WECC-CAMX
57002,NPCC-New England
57014,PJM
57015,WECC-NWPP-US
57016,NPCC-New England
57018,PJM
57019,WECC-NWPP-US
57020,Texas RE-ERCOT
57021,NPCC-New York
57022,PJM
57027,WECC-CAMX
57028,WECC-NWPP-US
57031,MISO
57032,MISO
57033,MISO
57039,WECC-NWPP-US
57040,WECC-NWPP-US
57041,WECC-CAMX
57042,WECC-CAMX
57043,WECC-CAMX
57044,PJM
57046,SPP
57047,MISO
57049,WECC-NWPP-US
57050,WECC-NWPP-US
57068,NPCC-New England
57069,MISO
57070,NPCC-New England
57078,NPCC-New York
57079,WECC-CAMX
57080,NPCC-New England
57083,NPCC-New England
57090,WECC-NWPP-US
57091,WECC-RMRG
57093,WECC-NWPP-US
57095,Texas RE-ERCOT
57096,WECC-NWPP-US
57097,MISO
57098,WECC-SRSG
57099,WECC-NWPP-US
57105,WECC-NWPP-US
57106,SPP
57107,WECC-CAMX
57108,SPP
57109,PJM
57111,MISO
57112,PJM
57115,PJM
57119,MISO
57120,SPP
57121,MISO
57123,FRCC
57124,WECC-NWPP-US
57125,WECC-NWPP-US
57126,WECC-NWPP-US
57128,FRCC
57130,NPCC-New England
57131,MISO
57135,PJM
57136,WECC-NWPP-US
57139,PJM
57141,WECC-RMRG
57152,WECC-NWPP-US
57153,Texas RE-ERCOT
57156,Texas RE-ERCOT
57159,WECC-NWPP-US
57163,WECC-CAMX
57166,WECC-NWPP-US
57167,Texas RE-ERCOT
57171,MISO
57172,MISO
57174,WECC-RMRG
57177,PJM
57183,PJM
57184,NPCC-New England
57188,WECC-NWPP-US
57190,MISO
57192,WECC-NWPP-US
57194,SPP
57195,WECC-NWPP-US
57197,Texas RE-ERCOT
57198,MISO
57199,MISO
57201,WECC-CAMX
57202,FRCC
57210,WECC-RMRG
57211,WECC-NWPP-US
57213,WECC-NWPP-US
57219,WECC-CAMX
57221,WECC-CAMX
57224,WECC-CAMX
57232,WECC-CAMX
57236,WECC-CAMX
57237,WECC-CAMX
57239,PJM
57241,FRCC
57243,WECC-SRSG
57244,WECC-RMRG
57250,PJM
57251,SPP
57252,SPP
57253,NPCC-New England
57256,PJM
57260,Texas RE-ERCOT
57261,SPP
57262,SPP
57263,SPP
57264,SPP
57265,NPCC-New England
57266,NPCC-New England
57267,WECC-CAMX
57268,PJM
57269,NPCC-New England
57274,MISO
57274,SPP
57275,WECC-NWPP-US
57278,SPP
57282,WECC-CAMX
57283,SPP
57284,MISO
57284,PJM
57286,SPP
57287,NPCC-New York
57289,MISO
57290,WECC-RMRG
57291,WECC-CAMX
57292,WECC-CAMX
57293,WECC-CAMX
57294,WECC-CAMX
57299,WECC-NWPP-US
57300,PJM
57301,WECC-CAMX
57303,Texas RE-ERCOT
57305,WECC-CAMX
57306,WECC-CAMX
57308,WECC-SRSG
57315,WECC-RMRG
57317,WECC-RMRG
57318,WECC-SRSG
57319,WECC-NWPP-US
57320,WECC-NWPP-US
57324,WECC-SRSG
57326,SPP
57327,WECC-NWPP-US
57332,SPP
57333,WECC-NWPP-US
57338,WECC-SRSG
57341,PJM
57343,WECC-NWPP-US
57344,WECC-NWPP-US
57345,WECC-NWPP-US
57346,SPP
57347,SPP
57348,WECC-NWPP-US
57350,NPCC-New England
57351,MISO
57352,PJM
57353,WECC-NWPP-US
57354,NPCC-New England
57357,WECC-SRSG
57358,SPP
57359,WECC-CAMX
57360,WECC-CAMX
57361,WECC-CAMX
57368,WECC-RMRG
57369,WECC-SRSG
57372,WECC-NWPP-US
57373,WECC-CAMX
57374,MISO
57375,MISO
57376,WECC-NWPP-US
57377,WECC-RMRG
57378,WECC-CAMX
57379,WECC-SRSG
57380,NPCC-New England
57381,PJM
57382,PJM
57383,PJM
57385,MISO
57387,MISO
57392,WECC-SRSG
57393,WECC-NWPP-US
57394,WECC-CAMX
57396,MISO
57403,WECC-SRSG
57404,NPCC-New York
57407,SPP
57414,NPCC-New England
57415,Texas RE-ERCOT
57417,MISO
57421,MISO
57424,MISO
57425,WECC-NWPP-US
57427,WECC-NWPP-US
57428,WECC-NWPP-US
57429,WECC-NWPP-US
57430,WECC-NWPP-US
57431,WECC-NWPP-US
57432,MISO
57433,PJM
57434,MISO
57437,WECC-NWPP-US
57441,WECC-CAMX
57442,WECC-NWPP-US
57444,WECC-NWPP-US
57446,WECC-NWPP-US
57448,PJM
57449,PJM
57451,WECC-NWPP-US
57456,WECC-NWPP-US
57457,WECC-NWPP-US
57459,WECC-CAMX
57468,MISO
57474,SPP
57475,WECC-SRSG
57480,WECC-NWPP-US
57482,WECC-CAMX
57483,WECC-CAMX
57484,WECC-CAMX
57485,PJM
57486,PJM
57488,PJM
57489,SPP
57493,MISO
57496,WECC-NWPP-US
57497,WECC-CAMX
57498,WECC-CAMX
57499,WECC-CAMX
57500,MISO
57501,MISO
57506,WECC-NWPP-US
57507,WECC-RMRG
57508,Texas RE-ERCOT
57509,WECC-RMRG
57514,WECC-CAMX
57515,WECC-CAMX
57516,SPP
57517,SPP
57520,Texas RE-ERCOT
57521,WECC-CAMX
57522,WECC-CAMX
57523,WECC-CAMX
57524,WECC-SRSG
57526,WECC-NWPP-US
57530,WECC-NWPP-US
57549,WECC-NWPP-US
57550,WECC-NWPP-US
57551,WECC-NWPP-US
57554,WECC-RMRG
57556,WECC-SRSG
57557,WECC-CAMX
57559,WECC-CAMX
57560,WECC-SRSG
57561,WECC-SRSG
57562,WECC-SRSG
57563,WECC-SRSG
57564,WECC-CAMX
57567,WECC-SRSG
57568,NPCC-New England
57571,WECC-SRSG
57575,WECC-SRSG
57576,WECC-SRSG
57577,WECC-SRSG
57578,WECC-NWPP-US
57584,WECC-CAMX
57585,WECC-CAMX
57586,WECC-CAMX
57588,PJM
57589,NPCC-New York
57590,SPP
57591,WECC-SRSG
57593,SPP
57595,PJM
57609,MISO
57624,NPCC-New England
57635,WECC-NWPP-US
57639,SPP
57641,WECC-CAMX
57643,WECC-RMRG
57644,MISO
57645,WECC-RMRG
57649,MISO
57651,WECC-CAMX
57652,WECC-NWPP-US
57653,WECC-NWPP-US
57654,NPCC-New England
57657,WECC-SRSG
57661,PJM
57663,SPP
57664,NPCC-New York
57669,WECC-NWPP-US
57670,WECC-NWPP-US
57671,WECC-NWPP-US
57673,WECC-SRSG
57674,NPCC-New England
57675,MISO
57676,NPCC-New England
57677,PJM
57678,SPP
57681,WECC-RMRG
57684,WECC-NWPP-US
57689,NPCC-New England
57690,WECC-NWPP-US
57692,WECC-RMRG
57693,WECC-RMRG
57694,WECC-RMRG
57697,WECC-NWPP-US
57698,WECC-NWPP-US
57699,Texas RE-ERCOT
57701,WECC-CAMX
57703,WECC-RMRG
57707,WECC-CAMX
57713,WECC-CAMX
57717,WECC-SRSG
57721,NPCC-New England
57724,PJM
57725,WECC-CAMX
57727,PJM
57728,PJM
57729,WECC-CAMX
57730,WECC-CAMX
57741,SPP
57743,WECC-CAMX
57744,PJM
57748,WECC-NWPP-US
57749,WECC-NWPP-US
57751,Texas RE-ERCOT
57752,Texas RE-ERCOT
57753,WECC-NWPP-US
57755,SPP
57756,WECC-NWPP-US
57758,PJM
57759,WECC-NWPP-US
57760,WECC-NWPP-US
57761,WECC-NWPP-US
57763,WECC-NWPP-US
57765,WECC-SRSG
57766,WECC-NWPP-US
57769,PJM
57774,WECC-CAMX
57775,WECC-SRSG
57777,WECC-NWPP-US
57778,WECC-NWPP-US
57779,WECC-NWPP-US
57780,WECC-NWPP-US
57781,WECC-NWPP-US
57782,WECC-NWPP-US
57783,WECC-NWPP-US
57784,WECC-NWPP-US
57785,WECC-NWPP-US
57786,PJM
57787,SPP
57790,WECC-SRSG
57795,WECC-SRSG
57796,WECC-CAMX
57797,WECC-CAMX
57802,Texas RE-ERCOT
57803,WECC-NWPP-US
57806,WECC-NWPP-US
57816,WECC-NWPP-US
57817,WECC-NWPP-US
57818,WECC-NWPP-US
57819,WECC-NWPP-US
57820,WECC-NWPP-US
57821,WECC-NWPP-US
57822,PJM
57829,WECC-SRSG
57830,MISO
57832,MISO
57833,WECC-CAMX
57835,WECC-CAMX
57843,PJM
57844,MISO
57846,PJM
57847,PJM
57849,WECC-NWPP-US
57850,WECC-NWPP-US
57851,MISO
57852,MISO
57853,MISO
57854,WECC-CAMX
57855,NPCC-New England
57857,WECC-CAMX
57860,WECC-CAMX
57861,WECC-NWPP-US
57863,PJM
57865,SPP
57866,SPP
57867,NPCC-New York
57873,MISO
57874,MISO
57875,MISO
57876,WECC-CAMX
57877,Texas RE-ERCOT
57878,Texas RE-ERCOT
57881,SPP
57882,WECC-NWPP-US
57883,WECC-SRSG
57887,PJM
57887,SPP
57888,MISO
57889,SPP
57890,WECC-NWPP-US
57891,WECC-CAMX
57892,WECC-CAMX
57898,FRCC
57899,WECC-NWPP-US
57901,WECC-CAMX
57902,WECC-NWPP-US
57904,WECC-CAMX
57907,WECC-CAMX
57911,WECC-NWPP-US
57915,WECC-NWPP-US
57933,WECC-NWPP-US
57934,NPCC-New England
57937,SPP
57939,WECC-SRSG
57941,NPCC-New England
57942,NPCC-New England
57943,SPP
57947,WECC-SRSG
57953,MISO
57963,WECC-NWPP-US
57964,PJM
57965,WECC-NWPP-US
57969,WECC-NWPP-US
57973,SPP
57974,Texas RE-ERCOT
57978,WECC-CAMX
57979,NPCC-New England
57980,WECC-RMRG
57981,Texas RE-ERCOT
57983,Texas RE-ERCOT
57984,MISO
57985,WECC-SRSG
57986,WECC-SRSG
57987,SPP
57988,WECC-CAMX
57991,PJM
57992,NPCC-New England
57993,WECC-CAMX
57995,WECC-NWPP-US
57997,WECC-SRSG
57998,PJM
57999,PJM
58000,Texas RE-ERCOT
58001,Texas RE-ERCOT
58002,WECC-CAMX
58004,NPCC-New England
58005,Texas RE-ERCOT
58006,WECC-NWPP-US
58008,MISO
58009,SPP
58018,SPP
58019,WECC-NWPP-US
58020,MISO
58021,Texas RE-ERCOT
58022,WECC-NWPP-US
58023,PJM
58024,SPP
58025,NPCC-New England
58026,NPCC-New England
58030,PJM
58034,WECC-CAMX
58037,WECC-SRSG
58039,WECC-NWPP-US
58042,WECC-SRSG
58045,MISO
58048,Texas RE-ERCOT
58054,NPCC-New England
58062,WECC-SRSG
58078,SPP
58079,PJM
58080,Texas RE-ERCOT
58082,PJM
58084,NPCC-New England
58086,WECC-NWPP-US
58088,NPCC-New York
58091,PJM
58100,WECC-CAMX
58106,WECC-NWPP-US
58109,WECC-NWPP-US
58110,PJM
58118,WECC-CAMX
58119,WECC-NWPP-US
58125,SPP
58126,WECC-RMRG
58127,WECC-RMRG
58130,WECC-NWPP-US
58131,WECC-NWPP-US
58139,WECC-NWPP-US
58141,NPCC-New England
58142,WECC-NWPP-US
58147,WECC-SRSG
58148,WECC-CAMX
58150,WECC-NWPP-US
58154,WECC-CAMX
58155,WECC-SRSG
58162,SPP
58166,NPCC-New England
58171,WECC-SRSG
58180,NPCC-New England
58191,WECC-NWPP-US
58198,WECC-CAMX
58199,WECC-SRSG
58202,WECC-CAMX
58203,SPP
58204,WECC-CAMX
58206,WECC-CAMX
58209,SPP
58210,NPCC-New England
58213,WECC-SRSG
58217,WECC-CAMX
58218,WECC-NWPP-US
58227,WECC-CAMX
58229,MISO
58230,MISO
58233,WECC-CAMX
58234,WECC-CAMX
58235,PJM
58238,NPCC-New England
58240,WECC-SRSG
58242,Texas RE-ERCOT
58246,PJM
58255,SPP
58256,WECC-SRSG
58261,WECC-NWPP-US
58262,WECC-SRSG
58266,WECC-NWPP-US
58272,NPCC-New England
58280,NPCC-New England
58284,WECC-SRSG
58292,WECC-SRSG
58293,WECC-SRSG
58295,NPCC-New York
58304,WECC-CAMX
58319,WECC-NWPP-US
58321,Texas RE-ERCOT
58322,SPP
58324,WECC-NWPP-US
58351,MISO
58363,SPP
58366,WECC-CAMX
58371,WECC-CAMX
58372,Texas RE-ERCOT
58373,WECC-CAMX
58376,WECC-CAMX
58378,Texas RE-ERCOT
58379,WECC-CAMX
58382,WECC-NWPP-US
58383,WECC-SRSG
58384,WECC-NWPP-US
58385,NPCC-New England
58393,WECC-NWPP-US
58395,WECC-CAMX
58398,WECC-SRSG
58408,PJM
58410,NPCC-New England
58411,NPCC-New England
58416,PJM
58424,Texas RE-ERCOT
58429,WECC-CAMX
58430,WECC-CAMX
58433,PJM
58437,WECC-CAMX
58470,WECC-NWPP-US
58471,Texas RE-ERCOT
58472,WECC-CAMX
58474,SPP
58477,WECC-NWPP-US
58483,PJM
58486,WECC-SRSG
58489,WECC-NWPP-US
58490,WECC-NWPP-US
58498,WECC-CAMX
58499,WECC-CAMX
58500,WECC-CAMX
58501,WECC-SRSG
58510,WECC-CAMX
58516,WECC-SRSG
58517,WECC-SRSG
58519,PJM
58520,WECC-SRSG
58521,WECC-SRSG
58523,WECC-NWPP-US
58533,WECC-NWPP-US
58534,NPCC-New England
58536,PJM
58537,Texas RE-ERCOT
58539,WECC-SRSG
58544,WECC-NWPP-US
58545,WECC-SRSG
58551,NPCC-New England
58560,PJM
58562,WECC-SRSG
58568,NPCC-New England
58569,PJM
58571,WECC-NWPP-US
58581,WECC-CAMX
58583,NPCC-New England
58591,WECC-NWPP-US
58594,SPP
58596,Texas RE-ERCOT
58608,NPCC-New England
58621,WECC-SRSG
58624,NPCC-New England
58636,WECC-NWPP-US
58678,NPCC-New York
58679,NPCC-New York
58681,Texas RE-ERCOT
58685,PJM
58687,WECC-NWPP-US
58696,WECC-NWPP-US
58699,WECC-CAMX
58705,WECC-SRSG
58708,WECC-SRSG
58710,Texas RE-ERCOT
58715,PJM
58716,Texas RE-ERCOT
58717,Texas RE-ERCOT
58720,Texas RE-ERCOT
58765,Texas RE-ERCOT
58767,SPP
58768,NPCC-New York
58771,WECC-RMRG
58772,Texas RE-ERCOT
58773,Texas RE-ERCOT
58774,Texas RE-ERCOT
58775,Texas RE-ERCOT
58794,WECC-SRSG
58811,PJM
58818,PJM
58833,WECC-SRSG
58838,Texas RE-ERCOT
58842,WECC-SRSG
58898,PJM
58899,WECC-SRSG
58904,PJM
58906,WECC-CAMX
58911,WECC-CAMX
58920,WECC-CAMX
58938,SPP
58939,SPP
58940,SPP
58954,WECC-NWPP-US
58958,NPCC-New England
58966,WECC-NWPP-US
58972,WECC-SRSG
58981,SPP
58984,WECC-CAMX
58994,SPP
59001,PJM
59003,WECC-NWPP-US
59010,WECC-SRSG
59011,NPCC-New England
59013,NPCC-New England
59020,WECC-SRSG
59022,NPCC-New England
59023,NPCC-New England
59034,Texas RE-ERCOT
59044,WECC-SRSG
59060,NPCC-New England
59068,Texas RE-ERCOT
59070,NPCC-New England
59116,PJM
59134,NPCC-New England
59147,PJM
59151,FRCC
59168,WECC-SRSG
59185,PJM
59186,PJM
59204,Texas RE-ERCOT
59205,Texas RE-ERCOT
59220,WECC-SRSG
59221,WECC-SRSG
59222,NPCC-New England
59234,SPP
59237,WECC-CAMX
59238,Texas RE-ERCOT
59240,FRCC
59242,NPCC-New England
59254,NPCC-New England
59265,WECC-CAMX
59284,SPP
59319,PJM
59320,Texas RE-ERCOT
59323,WECC-NWPP-US
59332,Texas RE-ERCOT
59361,NPCC-New England
59362,NPCC-New England
59366,PJM
59368,NPCC-New England
59384,Texas RE-ERCOT
59390,NPCC-New England
59394,NPCC-New England
59404,WECC-NWPP-US
59407,WECC-SRSG
59428,WECC-CAMX
59444,WECC-SRSG
59460,SPP
59472,WECC-NWPP-US
59529,WECC-NWPP-US
59555,WECC-CAMX
59558,WECC-SRSG
59560,WECC-SRSG
59574,PJM
59618,WECC-SRSG
59619,WECC-SRSG
59634,WECC-SRSG
59657,WECC-SRSG
59744,FRCC
59754,FRCC
59769,FRCC
59842,PJM
59845,PJM
60195,WECC-SRSG
60196,WECC-SRSG
60197,WECC-SRSG
60198,WECC-SRSG
69466,WECC-CAMX
69616,WECC-CAMX
99998,WECC-NWPP-US
99999,WECC-CAMX
99999,WECC-NWPP-US
99999,WECC-RMRG
99999,WECC-SRSG
110820,WECC-CAMX
111079,WECC-CAMX
113529,WECC-CAMX
114270,WECC-CAMX
114416,WECC-CAMX
114839,WECC-CAMX
115241,WECC-CAMX
115601,WECC-CAMX
115612,WECC-CAMX
116180,WECC-CAMX
116476,WECC-CAMX
116744,WECC-CAMX
116919,WECC-CAMX
117198,WECC-CAMX
855727,MISO
874458,MISO
999999,WECC-NWPP-US
5.43405E+14,MISO
